Player,Tm_x,Bats,ThAwy,Spikes,Drops,Drop%,BadTh,Bad%,OnTgt,OnTgt%,Year,Tm_y,IAY,IAY/PA,CAY,CAY/Cmp,CAY/PA,YAC,YAC/Cmp,Tm,Sk,PktTime,Bltz,Hrry,Hits,Prss,Prss%,Scrm,Yds/Scr
Jameis Winston,TB,11,22,2,23,3.8%,124,20.6%,421,69.9%,2019,TB,6486,10.4,3249,8.6,5.2,1860,4.9,TB,47,2.5,241,60,54,161,22.9%,31,7.4
Dak Prescott,DAL,9,14,1,36,6.2%,86,14.8%,451,77.6%,2019,DAL,5539,9.3,2984,7.7,5.0,1918,4.9,DAL,23,2.6,155,40,57,120,18.8%,20,7.3
Jared Goff,LAR,17,15,1,27,4.4%,123,20.2%,437,71.6%,2019,LAR,4825,7.7,2388,6.1,3.8,2250,5.7,LAR,22,2.6,219,52,48,122,18.5%,10,3.8
Philip Rivers,LAC,13,16,3,25,4.4%,88,15.4%,439,76.7%,2019,LAC,5025,8.5,2430,6.2,4.1,2185,5.6,LAC,34,2.5,114,40,56,130,20.6%,6,5.5
Matt Ryan,ATL,19,27,1,17,2.9%,86,14.6%,443,75.3%,2019,ATL,5009,8.1,2816,6.9,4.6,1650,4.0,ATL,48,2.5,199,54,62,164,23.9%,21,7.1
Russell Wilson,SEA,9,20,3,17,3.4%,91,18.5%,376,76.3%,2019,SEA,4836,9.4,2402,7.0,4.7,1708,5.0,SEA,48,2.5,221,71,57,176,28.9%,45,7.4
Tom Brady,NE,6,40,0,34,5.9%,118,20.6%,419,73.1%,2019,NE,4638,7.6,2233,6.0,3.6,1824,4.9,NE,27,2.5,198,55,37,119,18.5%,3,11.0
Derek Carr,OAK,9,28,2,25,5.2%,53,11.0%,399,82.6%,2019,OAK,3364,6.6,1932,5.4,3.8,2122,5.9,OAK,29,2.5,107,67,17,113,20.3%,14,5.5
Carson Wentz,PHI,16,10,1,28,4.7%,106,17.8%,431,72.3%,2019,PHI,4878,8.0,2235,5.8,3.7,1804,4.6,PHI,37,2.4,184,67,53,157,23.4%,28,6.3
Patrick Mahomes,KC,6,19,0,25,5.4%,85,18.3%,359,77.2%,2019,KC,4273,8.8,2076,6.5,4.3,1955,6.1,KC,17,2.5,108,54,34,105,20.0%,23,9.3
Aaron Rodgers,GB,3,31,1,24,4.5%,114,21.2%,401,74.7%,2019,GB,5005,8.8,1993,5.6,3.5,2009,5.7,GB,36,2.6,154,57,45,138,21.9%,26,7.8
Jimmy Garoppolo,SF,6,7,2,28,6.0%,64,13.7%,377,80.7%,2019,SF,3106,6.5,1819,5.5,3.8,2159,6.6,SF,36,2.4,201,41,32,109,20.8%,12,4.7
Deshaun Watson,HOU,6,15,2,21,4.4%,80,16.7%,367,76.8%,2019,HOU,4396,8.9,2166,6.5,4.4,1686,5.1,HOU,44,2.5,167,47,39,130,22.3%,44,7.1
Baker Mayfield,CLE,20,19,2,30,5.8%,93,18.1%,362,70.6%,2019,CLE,4516,8.5,2007,6.3,3.8,1820,5.7,CLE,40,2.3,211,65,24,129,21.8%,17,7.9
Kyler Murray,ARI,18,24,4,17,3.3%,92,17.9%,378,73.5%,2019,ARI,3987,7.4,1870,5.4,3.5,1852,5.3,ARI,48,2.3,151,63,16,127,20.6%,28,6.9
Kirk Cousins,MIN,9,24,0,17,4.0%,65,15.5%,332,79.0%,2019,MIN,3395,7.6,1818,5.9,4.1,1785,5.8,MIN,28,2.7,107,48,30,106,22.0%,9,5.6
Ryan Fitzpatrick,MIA,15,7,3,28,5.7%,87,17.7%,358,72.8%,2019,MIA,4467,8.9,2264,7.3,4.5,1265,4.1,MIA,40,2.3,192,48,66,154,26.7%,35,7.6
Andy Dalton,CIN,14,17,7,27,5.4%,92,18.3%,362,71.8%,2019,CIN,3991,7.6,1843,5.9,3.5,1651,5.3,CIN,37,2.3,188,36,24,97,16.9%,10,6.0
Kyle Allen,CAR,14,25,1,28,6.0%,77,16.6%,353,76.2%,2019,CAR,3965,8.1,1649,5.4,3.4,1673,5.5,CAR,46,2.4,131,50,28,124,22.4%,19,5.3
Gardner Minshew II,JAX,8,18,1,24,5.3%,84,18.6%,332,73.6%,2019,JAX,3346,7.1,1687,5.9,3.6,1584,5.6,JAX,33,2.4,147,55,29,117,21.2%,49,7.1
Mitchell Trubisky,CHI,8,7,3,28,5.5%,93,18.4%,377,74.5%,2019,CHI,4108,8.0,1729,5.3,3.4,1409,4.3,CHI,38,2.3,140,56,32,126,21.9%,22,5.5
Lamar Jackson,BAL,12,11,2,14,3.6%,68,17.5%,295,76.0%,2019,BAL,3545,8.8,1767,6.7,4.4,1360,5.1,BAL,23,2.6,138,31,21,75,16.2%,39,11.0
Josh Allen,BUF,10,25,3,31,7.2%,88,20.3%,317,73.2%,2019,BUF,4266,9.3,1758,6.5,3.8,1331,4.9,BUF,38,2.3,201,45,43,126,23.2%,43,7.3
Daniel Jones,NYG,6,12,0,17,3.8%,80,17.9%,318,71.1%,2019,NYG,3689,8.0,1619,5.7,3.5,1408,5.0,NYG,38,2.5,131,48,66,152,29.0%,27,8.4
Sam Darnold,NYJ,10,23,2,25,6.0%,74,17.8%,313,75.2%,2019,NYJ,3614,8.2,1549,5.7,3.5,1475,5.4,NYJ,33,2.5,166,63,39,135,28.0%,8,8.0
Drew Brees,NO,4,9,5,13,3.6%,39,10.7%,306,84.1%,2019,NO,2429,6.4,1488,5.3,3.9,1491,5.3,NO,12,2.3,114,25,17,54,13.8%,0,0.0
Jacoby Brissett,IND,12,21,3,24,5.7%,78,18.4%,315,74.5%,2019,IND,3521,7.9,1437,5.3,3.2,1505,5.5,IND,27,2.6,135,56,54,137,27.0%,33,6.1
Ryan Tannehill,TEN,6,5,3,9,3.2%,35,12.6%,225,80.9%,2019,TEN,2715,9.5,1494,7.4,5.2,1248,6.2,TEN,31,2.6,104,25,24,80,24.1%,15,11.0
Matthew Stafford,DET,5,5,2,9,3.2%,59,20.8%,201,70.8%,2019,DET,3097,10.6,1609,8.6,5.5,890,4.8,DET,18,2.4,87,23,20,61,19.1%,10,5.6
Joe Flacco,DEN,9,12,1,15,6.0%,40,16.1%,194,77.9%,2019,DEN,1750,6.7,915,5.4,3.5,907,5.3,DEN,26,2.4,76,41,14,81,27.6%,5,4.2
Mason Rudolph,PIT,4,14,0,16,5.9%,54,20.1%,192,71.4%,2019,PIT,2286,8.1,836,4.8,3.0,929,5.3,PIT,15,2.6,113,35,30,80,26.0%,10,5.0
Case Keenum,WAS,6,7,2,12,5.0%,41,17.2%,173,72.7%,2019,WAS,1700,6.9,907,5.7,3.7,800,5.0,WAS,15,2.5,64,35,27,77,29.1%,3,5.0
Teddy Bridgewater,NO,4,9,0,16,8.6%,22,11.8%,152,81.3%,2019,NO,1208,6.2,632,4.8,3.2,752,5.7,NO,12,2.5,46,22,10,44,20.0%,12,3.3
Dwayne Haskins,WAS,4,6,1,14,7.1%,38,19.4%,145,74.0%,2019,WAS,1751,8.6,750,6.3,3.7,615,5.2,WAS,29,2.6,75,30,17,76,31.1%,12,6.7
Marcus Mariota,TEN,2,9,2,10,6.7%,31,20.8%,107,71.8%,2019,TEN,1121,7.0,606,6.4,3.8,597,6.3,TEN,25,2.4,57,23,12,60,30.3%,13,6.7
Devlin Hodges,PIT,2,15,0,9,6.2%,28,19.3%,112,77.2%,2019,PIT,1168,7.3,482,4.8,3.0,581,5.8,PIT,15,2.5,73,15,13,43,23.5%,8,9.0
Eli Manning,NYG,4,4,0,4,2.8%,28,19.6%,106,74.1%,2019,NYG,1199,8.2,625,6.9,4.3,417,4.6,NYG,5,2.4,37,10,8,23,15.0%,1,6.0
Drew Lock,DEN,1,4,0,9,5.9%,27,17.8%,111,73.0%,2019,DEN,1053,6.8,467,4.7,3.0,553,5.5,DEN,5,2.6,47,16,18,39,22.7%,11,6.7
David Blough,DET,6,6,0,8,4.8%,43,25.6%,101,60.1%,2019,DET,1484,8.5,655,7.0,3.8,329,3.5,DET,14,2.6,63,18,12,44,22.7%,6,5.3
Nick Foles,JAX,2,5,0,4,3.6%,13,11.6%,88,78.6%,2019,JAX,990,8.5,382,5.0,3.3,354,4.6,JAX,8,2.3,27,7,5,20,15.7%,2,3.5
Jeff Driskel,DET,2,5,2,3,3.1%,23,23.5%,68,69.4%,2019,DET,861,8.2,405,6.5,3.9,280,4.5,DET,11,2.6,26,18,15,44,34.4%,12,8.9
Matt Moore,KC,3,1,1,3,3.4%,15,16.9%,68,76.4%,2019,KC,635,7.0,377,6.4,4.1,282,4.8,KC,8,2.4,21,6,11,25,25.0%,1,3.0
Matt Schaub,ATL,0,1,2,0,0.0%,10,15.6%,50,78.1%,2019,ATL,488,7.3,314,6.3,4.7,266,5.3,ATL,2,2.2,17,2,6,10,14.5%,0,0.0
Cam Newton,CAR,2,2,1,3,3.5%,26,30.2%,54,62.8%,2019,CAR,793,8.9,368,7.4,4.1,204,4.1,CAR,6,2.2,43,12,5,23,24.0%,1,3.0
Josh Rosen,MIA,7,1,0,8,7.4%,24,22.2%,73,67.6%,2019,MIA,901,8.3,250,4.3,2.3,317,5.5,MIA,16,2.4,28,16,15,47,36.7%,3,4.3
Brandon Allen,DEN,2,9,0,3,4.0%,18,24.0%,51,68.0%,2019,DEN,646,7.7,281,7.2,3.3,234,6.0,DEN,9,2.3,30,5,4,18,18.4%,5,5.8
Ryan Finley,CIN,2,3,0,4,4.8%,19,22.6%,52,61.9%,2019,CIN,721,8.3,271,6.6,3.1,203,5.0,CIN,11,2.7,40,19,7,37,35.6%,6,11.5
Chase Daniel,CHI,1,0,0,4,6.3%,9,14.1%,51,79.7%,2019,CHI,425,6.6,300,6.7,4.7,135,3.0,CHI,7,2.5,12,8,5,20,27.8%,1,2.0
Luke Falk,NYJ,3,2,0,4,5.6%,11,15.5%,53,74.6%,2019,NYJ,397,5.4,152,3.2,2.1,264,5.6,NYJ,16,2.4,33,12,9,37,41.6%,0,0.0
Brian Hoyer,IND,0,1,0,3,4.7%,14,21.9%,45,70.3%,2019,IND,559,8.6,215,6.1,3.3,157,4.5,IND,5,2.5,30,7,7,19,26.4%,2,3.5
Matt Barkley,BUF,3,0,1,5,10.0%,9,18.0%,34,68.0%,2019,BUF,403,7.9,203,7.5,4.0,156,5.8,BUF,2,2.2,24,2,1,5,9.4%,0,0.0
Ben Roethlisberger,PIT,2,0,0,7,11.3%,12,19.4%,44,71.0%,2019,PIT,576,9.3,158,4.5,2.5,193,5.5,PIT,2,2.3,17,14,2,18,27.7%,1,7.0
Will Grier,CAR,1,3,0,2,4.1%,11,22.4%,31,63.3%,2019,CAR,491,9.4,49,1.8,0.9,179,6.4,CAR,6,2.4,9,12,2,20,31.7%,5,4.4
Robert Griffin III,BAL,2,1,0,0,0.0%,6,16.2%,27,73.0%,2019,BAL,282,7.4,141,6.1,3.7,84,3.7,BAL,5,2.5,24,0,4,9,20.5%,1,16.0
A.J. McCarron,HOU,0,5,0,0,0.0%,7,21.9%,25,78.1%,2019,HOU,313,8.5,95,4.5,2.6,130,6.2,HOU,5,2.8,15,8,2,15,31.9%,5,7.8
Sean Mannion,MIN,2,0,0,3,14.3%,3,14.3%,16,76.2%,2019,MIN,132,6.3,60,5.0,2.9,66,5.5,MIN,0,2.5,3,8,3,11,52.4%,0,0.0
Colt McCoy,WAS,1,0,0,0,0.0%,6,22.2%,20,74.1%,2019,WAS,177,6.6,88,4.9,3.3,34,1.9,WAS,6,2.4,7,3,3,12,34.3%,2,7.0
Mike Glennon,OAK,0,0,0,0,0.0%,3,30.0%,7,70.0%,2019,OAK,112,11.2,38,6.3,3.8,18,3.0,OAK,0,2.5,4,0,2,2,20.0%,0,0.0
Brett Hundley,ARI,0,0,0,1,9.1%,1,9.1%,8,72.7%,2019,ARI,114,10.4,15,3.0,1.4,34,6.8,ARI,2,2.5,4,0,0,2,13.3%,2,13.0
Tyrod Taylor,LAC,0,0,0,1,16.7%,1,16.7%,5,83.3%,2019,LAC,32,5.3,14,3.5,2.3,19,4.8,LAC,0,2.1,1,0,0,0,0.0%,0,0.0
Josh McCown,PHI,1,0,0,1,20.0%,0,0.0%,4,80.0%,2019,PHI,22,4.4,9,3.0,1.8,15,5.0,PHI,0,1.9,0,0,0,0,0.0%,0,0.0
Ryan Griffin,TB,0,1,0,0,0.0%,1,33.3%,2,66.7%,2019,TB,12,3.0,5,2.5,1.3,13,6.5,TB,0,2.4,2,1,0,1,25.0%,0,0.0
Tim Boyle,GB,0,0,0,0,0.0%,1,25.0%,3,75.0%,2019,GB,10,2.5,1,0.3,0.3,14,4.7,GB,0,1.7,0,0,1,1,25.0%,0,0.0
Jarrett Stidham,NE,0,0,0,0,0.0%,2,50.0%,2,50.0%,2019,NE,21,5.3,9,4.5,2.3,5,2.5,NE,1,2.4,2,0,0,1,20.0%,0,0.0
Blake Bortles,LAR,0,1,0,0,0.0%,0,0.0%,1,100.0%,2019,LAR,-3,-1.5,-3,-3.0,-1.5,6,6.0,LAR,0,2.3,1,0,0,0,0.0%,0,0.0
Trevor Siemian,NYJ,0,1,0,0,0.0%,2,40.0%,3,60.0%,2019,NYJ,41,6.8,-8,-2.7,-1.3,11,3.7,NYJ,2,2.6,4,1,1,4,50.0%,0,0.0
Alex Tanney,NYG,0,0,0,0,0.0%,0,0.0%,1,100.0%,2019,NYG,1,1.0,1,1.0,1.0,0,0.0,NYG,0,2.9,1,0,0,0,0.0%,0,0.0
Garrett Gilbert,CLE,0,1,0,1,50.0%,0,0.0%,1,50.0%,2019,CLE,47,15.7,0,0.0,0.0,0,0.0,CLE,0,2.6,1,0,0,0,0.0%,0,0.0
Deshaun Watson,HOU,5,19,2,19,3.6%,79,15.1%,420,80.3%,2020,HOU,4840,8.9,2847,7.5,5.2,1976,5.2,HOU,49,2.5,168,75,47,171,26.1%,62,6.4
Patrick Mahomes,KC,8,20,1,28,4.9%,100,17.6%,436,76.9%,2020,KC,4910,8.4,2473,6.3,4.2,2267,5.8,KC,22,2.6,141,62,59,143,22.0%,40,7.3
Tom Brady,TB,4,13,4,31,5.2%,122,20.6%,438,73.9%,2020,TB,5531,9.1,2833,7.1,4.6,1800,4.5,TB,21,2.4,161,34,58,113,17.8%,4,2.0
Matt Ryan,ATL,6,18,1,33,5.4%,89,14.7%,458,75.5%,2020,ATL,5337,8.5,2939,7.2,4.7,1642,4.0,ATL,41,2.6,204,55,70,166,24.3%,16,6.5
Josh Allen,BUF,4,22,0,25,4.5%,88,16.0%,435,79.1%,2020,BUF,4857,8.5,2692,6.8,4.7,1852,4.7,BUF,26,2.6,244,64,47,137,21.9%,29,7.9
Justin Herbert,LAC,7,7,4,23,3.9%,105,18.0%,447,76.5%,2020,LAC,4378,7.4,2121,5.4,3.6,2215,5.6,LAC,32,2.4,170,85,70,187,28.7%,25,5.6
Aaron Rodgers,GB,3,23,3,27,5.4%,69,13.8%,406,81.2%,2020,GB,4135,7.9,2051,5.5,3.9,2248,6.0,GB,20,2.5,168,33,28,81,14.2%,24,6.2
Kirk Cousins,MIN,11,27,3,18,3.7%,67,13.8%,395,81.3%,2020,MIN,4103,8.0,2329,6.7,4.5,1936,5.5,MIN,39,2.6,181,56,78,173,30.2%,17,8.1
Russell Wilson,SEA,4,24,1,27,5.1%,84,15.8%,424,79.5%,2020,SEA,4809,8.6,2385,6.2,4.3,1827,4.8,SEA,47,2.6,206,65,67,179,27.2%,53,8.7
Philip Rivers,IND,11,14,3,17,3.2%,84,16.0%,406,77.2%,2020,IND,3893,7.2,1948,5.3,3.6,2221,6.0,IND,19,2.3,124,37,37,93,16.5%,1,3.0
Derek Carr,LV,5,20,4,20,4.1%,79,16.0%,389,78.9%,2020,LV,4184,8.1,2147,6.2,4.2,1956,5.6,LV,26,2.5,173,56,30,112,19.8%,23,5.4
Matthew Stafford,DET,7,7,7,33,6.4%,94,18.3%,399,77.6%,2020,DET,4609,8.7,2343,6.9,4.4,1741,5.1,DET,38,2.4,179,45,39,122,21.0%,16,7.3
Kyler Murray,ARI,14,25,8,13,2.5%,88,16.8%,405,77.1%,2020,ARI,4340,7.8,2213,5.9,4.0,1758,4.7,ARI,27,2.4,156,55,24,106,16.7%,51,8.4
Jared Goff,LAR,6,24,2,27,5.1%,84,16.0%,413,78.5%,2020,LAR,3579,6.5,1800,4.9,3.3,2152,5.8,LAR,23,2.5,185,42,54,119,19.9%,22,4.5
Ryan Tannehill,TEN,8,19,0,20,4.3%,63,13.6%,357,77.3%,2020,TEN,4029,8.4,2295,7.3,4.8,1524,4.8,TEN,24,2.5,161,36,61,121,23.0%,20,7.4
Ben Roethlisberger,PIT,13,2,0,39,6.4%,91,15.0%,463,76.4%,2020,PIT,4220,6.9,1850,4.6,3.0,1953,4.9,PIT,13,2.1,175,42,51,106,17.0%,3,7.0
Teddy Bridgewater,CAR,5,19,2,20,4.2%,61,13.0%,379,80.5%,2020,CAR,3511,7.1,1853,5.5,3.8,1880,5.5,CAR,31,2.3,154,42,38,111,19.8%,37,7.4
Baker Mayfield,CLE,8,28,5,21,4.6%,85,18.8%,339,74.8%,2020,CLE,4124,8.5,2203,7.2,4.5,1360,4.5,CLE,26,2.7,179,49,26,101,18.8%,25,6.1
Daniel Jones,NYG,8,14,2,23,5.3%,76,17.6%,325,75.2%,2020,NYG,3395,7.6,1827,6.5,4.1,1116,4.0,NYG,45,2.5,200,56,55,156,30.3%,22,7.9
Drew Brees,NO,3,7,2,21,5.5%,51,13.4%,308,80.8%,2020,NO,2361,6.1,1464,5.3,3.8,1478,5.4,NO,13,2.4,92,13,33,59,14.6%,2,1.5
Drew Lock,DEN,5,13,2,25,5.8%,98,22.9%,295,68.9%,2020,DEN,3883,8.8,1530,6.0,3.5,1403,5.5,DEN,19,2.6,148,53,46,118,24.4%,22,6.0
Lamar Jackson,BAL,6,9,3,20,5.5%,64,17.6%,274,75.3%,2020,BAL,3241,8.6,1588,6.6,4.2,1169,4.8,BAL,29,2.5,104,49,24,102,22.5%,49,7.2
Joe Burrow,CIN,4,8,3,19,4.8%,58,14.8%,296,75.3%,2020,CIN,3438,8.5,1550,5.9,3.8,1138,4.3,CIN,32,2.3,138,30,47,109,24.1%,16,5.2
Cam Newton,NE,9,11,2,15,4.2%,70,19.7%,265,74.6%,2020,NE,2496,6.8,1393,5.8,3.8,1264,5.2,NE,31,2.6,178,48,30,109,26.0%,20,9.3
Carson Wentz,PHI,6,21,1,23,5.5%,90,21.7%,292,70.4%,2020,PHI,3836,8.8,1605,6.4,3.7,1015,4.0,PHI,50,2.6,167,35,64,149,29.3%,22,8.4
Nick Mullens,SF,7,6,0,17,5.3%,48,15.0%,241,75.3%,2020,SF,2053,6.3,1198,5.7,3.7,1239,5.9,SF,19,2.4,116,33,56,108,31.1%,2,5.0
Gardner Minshew II,JAX,4,15,1,10,3.2%,58,18.6%,238,76.5%,2020,JAX,2558,7.8,1243,5.8,3.8,1016,4.7,JAX,27,2.4,90,38,20,85,22.5%,24,6.6
Sam Darnold,NYJ,7,21,3,14,4.1%,62,18.2%,244,71.8%,2020,NYJ,2794,7.7,1053,4.9,2.9,1155,5.3,NYJ,35,2.4,143,43,38,116,27.3%,26,8.0
Andy Dalton,DAL,5,14,0,21,6.6%,48,15.0%,250,78.4%,2020,DAL,2278,6.8,1127,5.2,3.4,1043,4.8,DAL,24,2.3,119,15,25,64,17.2%,15,5.7
Ryan Fitzpatrick,MIA,5,2,1,10,3.8%,37,14.0%,211,79.9%,2020,MIA,2072,7.8,1236,6.8,4.6,855,4.7,MIA,14,2.2,99,22,31,67,22.6%,15,8.0
Mitchell Trubisky,CHI,1,4,0,9,3.1%,53,18.1%,222,75.8%,2020,CHI,2329,7.8,1052,5.3,3.5,1003,5.0,CHI,18,2.3,80,25,21,64,19.3%,17,9.8
Dak Prescott,DAL,1,3,1,13,6.0%,33,15.1%,168,77.1%,2020,DAL,1762,7.9,1046,6.9,4.7,810,5.4,DAL,10,2.5,66,23,19,52,21.7%,8,8.0
Nick Foles,CHI,5,11,1,9,3.0%,48,16.0%,229,76.3%,2020,CHI,2502,8.0,1151,5.7,3.7,701,3.5,CHI,18,2.2,99,15,41,74,22.2%,3,3.7
Tua Tagovailoa,MIA,2,5,3,12,4.3%,53,18.8%,209,74.1%,2020,MIA,2175,7.5,1048,5.6,3.6,766,4.1,MIA,20,2.3,115,14,14,48,14.7%,16,5.8
Alex Smith,WAS,4,12,0,8,3.3%,42,17.5%,183,76.3%,2020,WAS,1286,5.1,629,3.7,2.5,953,5.7,WAS,22,2.3,63,37,27,86,31.0%,3,3.0
Dwayne Haskins,WAS,5,4,0,12,5.1%,53,22.4%,165,69.6%,2020,WAS,1622,6.7,572,3.9,2.4,867,5.9,WAS,20,2.3,66,17,24,61,22.8%,7,8.3
Jimmy Garoppolo,SF,1,0,0,9,6.4%,24,17.1%,109,77.9%,2020,SF,879,6.3,382,4.1,2.7,714,7.6,SF,11,2.3,50,8,14,33,21.3%,4,5.3
Mike Glennon,JAX,3,5,3,7,4.1%,25,14.6%,123,71.9%,2020,JAX,1424,8.0,667,6.0,3.7,405,3.6,JAX,9,2.3,32,10,12,31,16.1%,4,3.3
Jalen Hurts,PHI,5,12,1,4,3.0%,36,26.7%,82,60.7%,2020,PHI,1350,9.1,593,7.7,4.0,468,6.1,PHI,13,2.3,55,16,12,41,22.2%,24,6.9
Brandon Allen,CIN,1,3,0,8,5.8%,23,16.5%,109,78.4%,2020,CIN,940,6.6,368,4.1,2.6,557,6.2,CIN,7,2.3,37,4,16,27,17.5%,5,2.8
Joe Flacco,NYJ,1,10,0,5,4.0%,29,23.4%,88,71.0%,2020,NYJ,1422,10.6,519,7.0,3.9,345,4.7,NYJ,7,2.3,56,16,20,43,29.5%,5,4.4
C.J. Beathard,SF,1,5,1,8,8.2%,17,17.3%,76,77.6%,2020,SF,838,8.1,443,6.7,4.3,344,5.2,SF,9,2.6,27,4,13,26,22.8%,1,7.0
Jake Luton,JAX,3,6,0,5,4.8%,30,28.8%,68,65.4%,2020,JAX,865,7.9,338,5.6,3.1,286,4.8,JAX,7,2.3,44,10,8,25,21.2%,1,13.0
Kyle Allen,WAS,1,8,0,2,2.5%,8,10.1%,64,81.0%,2020,WAS,523,6.0,286,4.8,3.3,324,5.4,WAS,7,2.5,31,9,9,25,25.5%,4,7.0
Jeff Driskel,DEN,2,1,0,5,7.9%,15,23.8%,43,68.3%,2020,DEN,638,10.0,301,8.6,4.7,131,3.7,DEN,11,2.5,47,8,14,33,42.3%,3,5.0
Colt McCoy,NYG,0,0,0,5,7.6%,14,21.2%,50,75.8%,2020,NYG,590,8.9,248,6.2,3.8,127,3.2,NYG,5,2.4,21,6,8,19,25.3%,4,3.3
P.J. Walker,CAR,2,0,0,6,10.7%,13,23.2%,37,66.1%,2020,CAR,583,10.4,227,7.1,4.1,141,4.4,CAR,4,2.3,23,4,4,12,20.0%,0,0.0
Mason Rudolph,PIT,0,1,0,4,9.5%,9,21.4%,32,76.2%,2020,PIT,432,10.0,222,8.9,5.2,102,4.1,PIT,1,2.2,12,12,3,16,35.6%,1,1.0
Brett Rypien,DEN,1,4,0,1,2.8%,2,5.6%,28,77.8%,2020,DEN,346,8.7,213,7.9,5.3,82,3.0,DEN,1,2.4,17,4,6,11,26.8%,0,0.0
Chase Daniel,DET,1,1,1,3,7.3%,5,12.2%,33,80.5%,2020,DET,275,6.4,145,5.0,3.4,119,4.1,DET,3,2.3,14,3,4,10,20.8%,2,8.0
Jarrett Stidham,NE,1,6,0,3,7.9%,9,23.7%,26,68.4%,2020,NE,268,6.1,76,3.5,1.7,180,8.2,NE,4,2.7,18,5,8,17,34.0%,2,3.5
Chad Henne,KC,0,1,0,1,2.7%,6,16.2%,31,83.8%,2020,KC,158,4.2,48,1.7,1.3,200,7.1,KC,2,1.9,8,2,4,8,20.0%,0,0.0
Garrett Gilbert,DAL,3,0,1,0,0.0%,11,29.7%,21,56.8%,2020,DAL,348,9.2,191,9.1,5.0,52,2.5,DAL,2,2.3,17,10,6,18,42.9%,2,13.0
John Wolford,LAR,1,1,0,1,2.7%,10,27.0%,25,67.6%,2020,LAR,358,9.4,138,6.3,3.6,93,4.2,LAR,2,2.1,18,3,4,9,21.4%,2,12.0
Marcus Mariota,LV,0,1,1,1,3.8%,6,23.1%,19,73.1%,2020,LV,273,9.8,150,8.8,5.4,76,4.5,LV,0,2.4,4,3,2,5,15.6%,4,4.5
Ben DiNucci,DAL,0,1,1,2,4.9%,13,31.7%,26,63.4%,2020,DAL,349,8.1,85,3.7,2.0,134,5.8,DAL,7,2.5,14,8,3,18,35.3%,1,9.0
Tyrod Taylor,LAC,0,2,0,1,3.6%,6,21.4%,20,71.4%,2020,LAC,335,11.2,128,8.0,4.3,80,5.0,LAC,2,2.5,9,5,2,9,26.5%,2,3.5
Matt Barkley,BUF,1,0,0,2,9.5%,5,23.8%,13,61.9%,2020,BUF,251,12.0,142,12.9,6.8,55,5.0,BUF,1,2.6,10,1,1,3,13.6%,0,0.0
Ryan Finley,CIN,0,0,0,1,3.1%,7,21.9%,24,75.0%,2020,CIN,335,10.5,93,5.5,2.9,71,4.2,CIN,9,2.3,18,3,8,20,46.5%,2,11.5
Blaine Gabbert,TB,0,0,0,1,6.3%,5,31.3%,11,68.8%,2020,TB,108,6.8,63,7.0,3.9,80,8.9,TB,1,1.6,8,1,0,2,10.5%,2,9.0
Taylor Heinicke,WAS,0,0,0,1,5.3%,4,21.1%,13,68.4%,2020,WAS,255,13.4,88,7.3,4.6,49,4.1,WAS,1,3.0,3,1,1,3,13.0%,3,7.3
Brian Hoyer,NE,0,1,0,1,4.3%,4,17.4%,19,82.6%,2020,NE,196,8.2,74,4.9,3.1,56,3.7,NE,2,2.2,11,0,1,3,11.1%,1,8.0
Chris Streveler,ARI,0,0,0,0,0.0%,2,12.5%,14,87.5%,2020,ARI,106,6.6,7,0.6,0.4,98,8.9,ARI,2,1.8,4,0,1,3,16.7%,0,0.0
Trace McSorley,BAL,1,1,0,1,11.1%,3,33.3%,4,44.4%,2020,BAL,89,8.9,37,12.3,3.7,53,17.7,BAL,0,2.3,2,2,0,2,18.2%,1,9.0
Jameis Winston,NO,0,0,0,0,0.0%,3,27.3%,7,63.6%,2020,NO,51,4.6,14,2.0,1.3,61,8.7,NO,2,2.2,5,1,1,4,28.6%,1,3.0
David Blough,DET,1,0,0,0,0.0%,2,20.0%,6,60.0%,2020,DET,82,8.2,22,3.7,2.2,27,4.5,DET,1,2.9,1,0,6,7,58.3%,1,18.0
Case Keenum,CLE,0,0,0,0,0.0%,3,30.0%,5,50.0%,2020,CLE,27,2.7,18,3.6,1.8,28,5.6,CLE,0,2.2,2,0,2,2,20.0%,0,0.0
Robert Griffin III,BAL,0,0,0,0,0.0%,4,28.6%,8,57.1%,2020,BAL,123,8.8,8,1.0,0.6,34,4.3,BAL,3,2.1,7,0,3,6,35.3%,0,0.0
Geno Smith,SEA,0,0,0,0,0.0%,1,20.0%,4,80.0%,2020,SEA,25,5.0,19,4.8,3.8,14,3.5,SEA,1,2.1,4,0,1,2,33.3%,0,0.0
Nate Sudfeld,PHI,0,2,0,1,10.0%,3,30.0%,6,60.0%,2020,PHI,118,9.8,14,2.8,1.2,18,3.6,PHI,2,2.3,7,2,3,7,46.7%,1,12.0
Nathan Peterman,LV,0,0,0,0,0.0%,1,20.0%,3,60.0%,2020,LV,9,1.8,4,1.3,0.8,21,7.0,LV,2,2.6,1,0,0,2,25.0%,1,9.0
A.J. McCarron,HOU,0,0,0,0,0.0%,0,0.0%,0,0.0%,2020,HOU,18,18.0,18,18.0,18.0,2,2.0,HOU,1,0.0,1,0,0,1,50.0%,0,0.0
Tyler Bray,CHI,0,0,1,0,0.0%,3,75.0%,1,25.0%,2020,CHI,43,8.6,5,5.0,1.0,13,13.0,CHI,0,2.1,0,0,1,1,20.0%,0,0.0
Jacoby Brissett,IND,0,1,0,1,14.3%,3,42.9%,4,57.1%,2020,IND,65,8.1,-1,-0.5,-0.1,18,9.0,IND,2,2.8,3,3,0,5,45.5%,1,2.0
Tyler Huntley,BAL,0,0,0,0,0.0%,2,40.0%,3,60.0%,2020,BAL,62,12.4,5,1.7,1.0,10,3.3,BAL,0,2.1,2,0,1,1,20.0%,0,0.0
Logan Woodside,TEN,0,0,0,0,0.0%,1,33.3%,0,0.0%,2020,TEN,17,5.7,7,7.0,2.3,0,0.0,TEN,0,1.4,0,1,0,1,33.3%,0,0.0
Easton Stick,LAC,0,0,0,0,0.0%,0,0.0%,1,100.0%,2020,LAC,0,0.0,0,0.0,0.0,4,4.0,LAC,0,2.3,1,0,0,0,0.0%,0,0.0
Joshua Dobbs,PIT,0,1,0,0,0.0%,0,0.0%,4,100.0%,2020,PIT,0,0.0,-11,-2.8,-2.2,13,3.3,PIT,0,1.5,0,0,1,1,20.0%,0,0.0
Tom Brady,TB,8,13,2,32,4.5%,127,18.0%,531,75.4%,2021,TB,5791,8.1,2762,5.7,3.8,2554,5.3,TB,22,2.3,176,30,31,83,11.1%,10,7.6
Justin Herbert,LAC,17,14,1,38,5.8%,96,14.6%,527,80.2%,2021,LAC,5076,7.6,2627,5.9,3.9,2387,5.4,LAC,31,2.4,155,51,61,143,19.4%,36,7.8
Matthew Stafford,LAR,9,3,0,31,5.2%,111,18.6%,458,76.6%,2021,LAR,5092,8.5,2760,6.8,4.6,2126,5.3,LAR,30,2.5,137,32,42,104,16.3%,8,6.1
Patrick Mahomes,KC,7,32,0,31,5.0%,118,18.8%,485,77.5%,2021,KC,4829,7.3,2140,4.9,3.3,2699,6.2,KC,28,2.4,112,76,58,162,22.1%,46,8.7
Derek Carr,LV,10,21,3,26,4.3%,94,15.6%,466,77.4%,2021,LV,5087,8.1,2525,5.9,4.0,2279,5.3,LV,40,2.5,167,58,48,146,21.4%,17,6.3
Joe Burrow,CIN,8,12,2,23,4.5%,54,10.7%,419,82.8%,2021,CIN,4192,8.1,2332,6.4,4.5,2279,6.2,CIN,51,2.4,125,46,48,145,24.5%,21,5.4
Dak Prescott,DAL,10,11,0,28,4.8%,86,14.7%,452,77.3%,2021,DAL,4592,7.7,2425,5.9,4.1,2024,4.9,DAL,30,2.4,187,46,48,124,19.2%,20,6.4
Josh Allen,BUF,16,32,0,35,5.7%,107,17.4%,459,74.8%,2021,BUF,5304,8.2,2664,6.5,4.1,1743,4.3,BUF,26,2.4,182,95,64,185,25.7%,48,9.6
Kirk Cousins,MIN,4,13,5,22,4.1%,93,17.1%,418,77.0%,2021,MIN,4576,8.2,2415,6.5,4.3,1806,4.9,MIN,28,2.4,168,68,65,161,26.6%,16,7.8
Aaron Rodgers,GB,8,18,3,13,2.5%,93,18.2%,394,77.3%,2021,GB,4099,7.7,1947,5.3,3.7,2168,5.9,GB,30,2.3,135,59,40,129,22.3%,17,6.5
Matt Ryan,ATL,9,15,1,21,3.9%,79,14.5%,425,78.1%,2021,ATL,3986,7.1,2244,6.0,4.0,1724,4.6,ATL,40,2.4,166,48,84,172,27.9%,16,4.9
Jimmy Garoppolo,SF,5,11,3,23,5.4%,55,12.9%,348,81.5%,2021,SF,3304,7.5,1844,6.1,4.2,1966,6.5,SF,29,2.4,100,24,36,89,18.7%,6,3.7
Mac Jones,NE,9,12,1,16,3.1%,90,17.7%,386,76.0%,2021,NE,4161,8.0,2027,5.8,3.9,1774,5.0,NE,28,2.4,181,29,47,104,18.4%,15,7.1
Kyler Murray,ARI,10,19,0,16,3.5%,65,14.1%,367,79.4%,2021,ARI,3847,8.0,1986,6.0,4.1,1801,5.4,ARI,31,2.3,108,68,13,112,20.7%,30,7.6
Ben Roethlisberger,PIT,13,6,2,30,5.0%,110,18.4%,451,75.5%,2021,PIT,4052,6.7,1808,4.6,3.0,1932,5.0,PIT,38,2.2,145,44,38,120,18.6%,3,6.0
Ryan Tannehill,TEN,10,9,1,23,4.4%,83,15.9%,411,78.9%,2021,TEN,3959,7.5,1958,5.5,3.7,1776,5.0,TEN,47,2.3,166,31,64,142,23.8%,19,10.5
Trevor Lawrence,JAX,8,18,3,33,5.7%,119,20.5%,414,71.3%,2021,JAX,4745,7.9,2004,5.6,3.3,1637,4.6,JAX,32,2.4,147,67,52,151,22.6%,33,7.3
Carson Wentz,IND,8,17,0,25,5.0%,94,18.8%,368,73.7%,2021,IND,3941,7.6,1913,5.9,3.7,1650,5.1,IND,32,2.5,156,41,75,148,25.8%,26,7.1
Taylor Heinicke,WAS,9,8,3,18,3.7%,80,16.6%,365,75.6%,2021,WAS,3762,7.6,1655,5.2,3.4,1764,5.5,WAS,38,2.6,145,55,47,140,24.6%,38,7.1
Jared Goff,DET,5,21,5,21,4.5%,77,16.5%,375,80.1%,2021,DET,3150,6.4,1490,4.5,3.0,1755,5.3,DET,35,2.4,110,50,48,133,24.6%,11,6.1
Jalen Hurts,PHI,11,22,2,22,5.4%,57,14.0%,319,78.2%,2021,PHI,3867,9.0,1681,6.3,3.9,1463,5.5,PHI,26,2.6,124,76,32,134,26.4%,50,8.3
Russell Wilson,SEA,3,13,0,16,4.1%,72,18.6%,296,76.5%,2021,SEA,3956,9.9,1730,6.7,4.3,1383,5.3,SEA,33,2.4,113,48,42,123,27.0%,23,7.3
Teddy Bridgewater,DEN,9,20,0,13,3.2%,68,16.7%,316,77.8%,2021,DEN,3417,8.0,1658,5.8,3.9,1394,4.9,DEN,31,2.5,118,64,42,137,29.0%,15,6.6
Baker Mayfield,CLE,11,14,2,20,5.0%,84,20.9%,296,73.6%,2021,CLE,3610,8.6,1632,6.5,3.9,1378,5.4,CLE,43,2.4,124,52,18,113,23.3%,25,5.2
Lamar Jackson,BAL,9,7,4,18,4.9%,73,19.7%,272,73.3%,2021,BAL,3543,9.3,1734,7.0,4.5,1148,4.7,BAL,38,2.4,151,39,29,106,22.6%,49,8.0
Davis Mills,HOU,11,13,2,12,3.2%,66,17.4%,287,75.7%,2021,HOU,2852,7.2,1419,5.4,3.6,1245,4.7,HOU,31,2.3,121,30,30,91,20.9%,10,4.2
Tua Tagovailoa,MIA,1,6,1,17,4.5%,62,16.3%,305,80.1%,2021,MIA,2734,7.0,1436,5.5,3.7,1217,4.6,MIA,20,2.2,100,45,24,89,20.9%,18,6.9
Sam Darnold,CAR,6,22,0,27,7.0%,71,18.5%,286,74.5%,2021,CAR,2947,7.3,1151,4.7,2.8,1376,5.7,CAR,35,2.5,128,60,40,135,29.1%,23,8.1
Daniel Jones,NYG,5,12,1,19,5.5%,64,18.4%,265,76.1%,2021,NYG,2616,7.2,1334,5.8,3.7,1094,4.7,NYG,22,2.4,120,37,36,95,23.3%,24,6.4
Zach Wilson,NYJ,5,16,1,25,6.8%,87,23.8%,256,69.9%,2021,NYJ,2900,7.6,1245,5.8,3.3,1089,5.1,NYJ,44,2.5,127,66,26,136,30.6%,17,10.5
Justin Fields,CHI,3,8,2,18,6.9%,57,21.9%,189,72.7%,2021,CHI,2641,9.8,1178,7.4,4.4,692,4.4,CHI,36,2.5,96,29,31,96,27.3%,46,8.0
Andy Dalton,CHI,7,8,1,9,4.0%,39,17.2%,162,71.4%,2021,CHI,1620,6.9,763,5.1,3.2,752,5.0,CHI,18,2.3,92,23,13,54,20.3%,12,6.8
Jacoby Brissett,MIA,1,6,1,17,7.8%,36,16.5%,158,72.5%,2021,MIA,1691,7.5,775,5.5,3.4,508,3.6,MIA,19,2.4,62,26,24,69,26.8%,13,5.0
Jameis Winston,NO,5,9,0,10,6.6%,33,21.7%,107,70.4%,2021,NO,1340,8.3,589,6.2,3.7,581,6.1,NO,11,2.6,68,18,18,47,24.9%,17,9.5
Trevor Siemian,NO,6,11,0,7,4.0%,26,14.7%,131,74.0%,2021,NO,1298,6.9,652,6.0,3.5,502,4.6,NO,9,2.5,47,20,16,45,22.5%,3,7.3
Tyler Huntley,BAL,6,3,3,4,2.2%,34,18.7%,136,74.7%,2021,BAL,1409,7.5,635,5.2,3.4,446,3.7,BAL,18,2.3,62,22,10,50,21.6%,25,8.1
Taysom Hill,NO,3,4,2,11,8.6%,26,20.3%,94,73.4%,2021,NO,982,7.3,457,5.9,3.4,521,6.7,NO,9,2.5,40,18,9,36,22.6%,16,7.4
Tyrod Taylor,HOU,2,4,1,5,3.4%,32,22.1%,100,69.0%,2021,HOU,1105,7.4,473,5.2,3.2,493,5.4,HOU,13,2.3,60,19,16,48,27.0%,15,9.9
Mike White,NYJ,6,1,0,5,3.8%,19,14.5%,93,71.0%,2021,NYJ,777,5.9,387,4.4,2.9,566,6.4,NYJ,4,2.4,29,8,14,26,19.1%,0,0.0
Mike Glennon,NYG,1,11,3,11,7.2%,21,13.7%,110,71.9%,2021,NYG,1211,7.3,383,4.3,2.3,407,4.5,NYG,9,2.5,41,12,19,40,22.2%,4,7.8
Drew Lock,DEN,2,1,1,7,6.4%,24,22.0%,79,72.5%,2021,DEN,1117,10.1,447,6.7,4.0,340,5.1,DEN,9,2.5,29,14,8,31,24.4%,7,6.9
Colt McCoy,ARI,2,1,0,5,5.1%,11,11.2%,82,83.7%,2021,ARI,522,5.3,288,3.9,2.9,452,6.1,ARI,6,2.1,29,10,10,26,23.9%,4,5.3
Geno Smith,SEA,3,6,1,0,0.0%,13,14.8%,65,73.9%,2021,SEA,669,7.0,342,5.3,3.6,360,5.5,SEA,13,2.5,38,12,6,31,27.7%,4,9.3
Cam Newton,CAR,6,2,0,6,4.8%,28,22.6%,81,65.3%,2021,CAR,880,7.0,375,5.4,3.0,309,4.5,CAR,10,2.2,59,15,10,35,24.5%,7,8.3
Josh Johnson,2TM,1,3,0,3,3.7%,16,19.5%,61,74.4%,2021,2TM,616,7.2,355,6.2,4.2,283,5.0,2TM,3,0.0,8,6,8,17,18.3%,5,6.0
Trey Lance,SF,5,2,0,3,4.3%,13,18.8%,51,73.9%,2021,SF,658,9.3,315,7.7,4.4,288,7.0,SF,4,2.5,21,8,7,19,22.1%,11,8.5
Tim Boyle,DET,1,0,0,3,3.2%,20,21.3%,64,68.1%,2021,DET,589,6.3,261,4.3,2.8,265,4.3,DET,0,2.3,15,5,10,15,15.8%,1,14.0
Case Keenum,CLE,0,2,0,3,4.3%,13,18.6%,53,75.7%,2021,CLE,417,5.8,156,3.3,2.2,306,6.5,CLE,5,2.3,18,6,8,19,23.5%,4,4.8
Gardner Minshew II,PHI,1,4,0,5,8.9%,7,12.5%,45,80.4%,2021,PHI,333,5.6,164,4.0,2.7,275,6.7,PHI,5,2.5,19,7,5,17,24.6%,4,4.8
Cooper Rush,DAL,1,0,0,2,4.3%,9,19.1%,32,68.1%,2021,DAL,418,8.9,209,7.0,4.4,213,7.1,DAL,3,2.3,15,0,3,6,11.8%,1,2.0
Jordan Love,GB,0,2,0,2,3.3%,15,25.0%,40,66.7%,2021,GB,488,7.9,178,4.9,2.9,233,6.5,GB,3,2.4,29,9,7,19,27.1%,5,6.6
P.J. Walker,CAR,1,0,1,2,3.1%,20,30.8%,41,63.1%,2021,CAR,594,9.0,225,6.3,3.4,137,3.8,CAR,7,2.5,15,7,9,23,30.7%,2,9.0
Joe Flacco,NYJ,1,4,0,1,2.6%,6,15.8%,29,76.3%,2021,NYJ,330,7.9,163,6.0,3.9,175,6.5,NYJ,2,2.1,24,4,6,12,26.7%,1,1.0
Mason Rudolph,PIT,0,1,1,3,5.4%,9,16.1%,44,78.6%,2021,PIT,360,6.2,155,4.4,2.7,122,3.5,PIT,0,2.0,15,0,1,1,1.6%,3,18.0
Nick Foles,CHI,1,0,0,1,2.9%,4,11.4%,30,85.7%,2021,CHI,198,5.7,85,3.5,2.4,165,6.9,CHI,4,2.7,5,4,1,9,22.5%,1,8.0
Brian Hoyer,NE,0,0,0,0,0.0%,0,0.0%,11,100.0%,2021,NE,97,8.8,84,9.3,7.6,143,15.9,NE,0,2.2,4,0,0,0,0.0%,0,0.0
Jake Fromm,NYG,4,2,0,3,5.2%,19,32.8%,32,55.2%,2021,NYG,425,7.1,111,4.1,1.9,99,3.7,NYG,6,2.2,21,5,7,18,25.0%,6,10.3
Garrett Gilbert,WAS,0,1,0,1,3.3%,6,20.0%,22,73.3%,2021,WAS,197,6.4,97,4.9,3.1,97,4.9,WAS,2,2.5,10,2,5,9,27.3%,0,0.0
Sean Mannion,MIN,1,2,0,1,2.9%,7,20.6%,24,70.6%,2021,MIN,226,6.3,95,4.3,2.6,94,4.3,MIN,2,2.4,6,5,2,9,23.1%,1,11.0
Brandon Allen,CIN,0,0,1,2,6.1%,9,27.3%,19,57.6%,2021,CIN,169,5.0,29,1.7,0.9,120,7.1,CIN,4,2.2,7,1,2,7,18.4%,0,0.0
Nick Mullens,CLE,0,0,1,2,6.9%,2,6.9%,22,75.9%,2021,CLE,204,6.8,76,3.8,2.5,71,3.6,CLE,0,2.3,6,5,4,9,30.0%,0,0.0
Ian Book,NO,0,2,0,2,11.1%,3,16.7%,15,83.3%,2021,NO,76,3.8,54,4.5,2.7,81,6.8,NO,8,2.9,15,5,4,17,56.7%,2,1.5
Kyle Allen,WAS,0,1,0,2,11.1%,2,11.1%,15,83.3%,2021,WAS,135,7.1,74,6.2,3.9,46,3.8,WAS,2,2.3,4,2,1,5,23.8%,0,0.0
Chad Henne,KC,0,1,0,1,6.7%,3,20.0%,12,80.0%,2021,KC,125,7.8,58,5.3,3.6,24,2.2,KC,0,2.2,3,1,2,3,17.6%,1,4.0
Blaine Gabbert,TB,1,0,0,0,0.0%,2,18.2%,7,63.6%,2021,TB,90,8.2,28,4.0,2.5,39,5.6,TB,1,2.0,3,1,0,2,16.7%,0,0.0
Mitchell Trubisky,BUF,0,0,0,1,12.5%,1,12.5%,7,87.5%,2021,BUF,41,5.1,26,4.3,3.3,17,2.8,BUF,0,2.2,1,0,0,0,0.0%,2,15.0
Chris Streveler,ARI,0,0,0,0,0.0%,2,22.2%,6,66.7%,2021,ARI,38,4.2,14,2.3,1.6,22,3.7,ARI,2,2.5,0,1,0,3,25.0%,1,4.0
C.J. Beathard,JAX,0,0,0,0,0.0%,0,0.0%,2,100.0%,2021,JAX,27,13.5,27,13.5,13.5,6,3.0,JAX,0,2.2,1,1,0,1,50.0%,0,0.0
Jacob Eason,IND,0,0,0,1,20.0%,1,20.0%,4,80.0%,2021,IND,63,12.6,18,9.0,3.6,7,3.5,IND,0,3.3,0,0,1,1,20.0%,0,0.0
Josh Rosen,ATL,0,1,0,2,20.0%,4,40.0%,3,30.0%,2021,ATL,121,11.0,8,4.0,0.7,11,5.5,ATL,0,2.7,3,3,0,3,27.3%,0,0.0
Ryan Fitzpatrick,WAS,0,0,0,1,16.7%,1,16.7%,5,83.3%,2021,WAS,4,0.7,7,2.3,1.2,6,2.0,WAS,1,1.8,0,1,2,4,50.0%,1,2.0
Kellen Mond,MIN,0,0,0,0,0.0%,1,33.3%,2,66.7%,2021,MIN,0,0.0,-4,-2.0,-1.3,9,4.5,MIN,0,1.8,2,0,1,1,33.3%,0,0.0
John Wolford,LAR,0,0,0,0,0.0%,1,25.0%,2,50.0%,2021,LAR,19,4.8,-2,-2.0,-0.5,7,7.0,LAR,1,2.2,0,0,0,1,20.0%,0,0.0
Marcus Mariota,LV,0,0,0,0,0.0%,0,0.0%,1,50.0%,2021,LV,31,15.5,-4,-4.0,-2.0,8,8.0,LV,0,2.4,0,0,0,0,0.0%,0,0.0
Feleipe Franks,ATL,0,0,0,0,0.0%,0,0.0%,0,0.0%,2021,ATL,2,2.0,0,0.0,0.0,0,0.0,ATL,0,1.7,0,0,0,0,0.0%,0,0.0
Brett Rypien,DEN,0,1,0,0,0.0%,1,100.0%,0,0.0%,2021,DEN,11,5.5,0,0.0,0.0,0,0.0,DEN,0,2.5,1,0,0,0,0.0%,0,0.0
Patrick Mahomes,KC,8,33,0,33,5.4%,95,15.4%,474,77.1%,2022,KC,4686,7.2,2397,5.5,3.7,2853,6.6,KC,26,2.6,160,58,56,140,19.4%,46,7.5
Justin Herbert,LAC,23,25,2,39,5.8%,87,12.9%,508,75.6%,2022,LAC,4476,6.4,2246,4.7,3.2,2493,5.2,LAC,38,2.5,182,50,72,160,21.1%,22,6.5
Tom Brady,TB,11,22,4,32,4.5%,116,16.4%,545,77.1%,2022,TB,4876,6.7,2379,4.9,3.2,2315,4.7,TB,22,2.2,130,23,55,100,13.2%,3,1.0
Kirk Cousins,MIN,14,27,3,25,4.1%,93,15.2%,469,76.5%,2022,MIN,4800,7.5,2569,6.1,4.0,1978,4.7,MIN,46,2.5,159,36,84,166,23.7%,12,9.1
Joe Burrow,CIN,24,17,1,34,5.8%,76,12.9%,465,79.1%,2022,CIN,4121,6.8,2319,5.6,3.8,2156,5.2,CIN,41,2.2,110,22,48,111,16.5%,27,7.5
Jared Goff,DET,11,27,1,34,6.1%,94,16.8%,426,76.2%,2022,DET,4106,7.0,2151,5.6,3.7,2287,6.0,DET,23,2.4,186,43,53,119,19.1%,14,4.6
Josh Allen,BUF,14,18,1,37,6.8%,91,16.6%,404,73.7%,2022,BUF,5205,9.2,2691,7.5,4.7,1592,4.4,BUF,33,2.5,144,41,40,114,17.4%,57,9.4
Geno Smith,SEA,11,20,1,18,3.3%,65,11.8%,434,78.8%,2022,SEA,4325,7.6,2506,6.3,4.4,1776,4.5,SEA,46,2.4,170,37,64,147,22.5%,34,9.1
Trevor Lawrence,JAX,17,16,2,40,7.1%,85,15.0%,431,76.1%,2022,JAX,4328,7.4,2111,5.5,3.6,2002,5.2,JAX,27,2.2,158,45,39,111,17.5%,24,9.1
Jalen Hurts,PHI,13,23,0,22,5.0%,62,14.2%,340,77.8%,2022,PHI,3714,8.1,1928,6.3,4.2,1773,5.8,PHI,38,2.3,172,39,22,99,18.3%,44,7.8
Aaron Rodgers,GB,8,25,2,40,7.8%,76,14.8%,415,80.6%,2022,GB,4341,8.0,1816,5.2,3.4,1879,5.4,GB,32,2.4,136,37,39,108,18.4%,13,7.8
Tua Tagovailoa,MIA,6,13,1,26,6.7%,61,15.8%,296,76.7%,2022,MIA,3790,9.5,2267,8.8,5.7,1281,4.9,MIA,21,2.3,86,40,25,86,20.0%,10,7.6
Russell Wilson,DEN,19,32,1,30,6.7%,70,15.6%,330,73.3%,2022,DEN,4270,8.8,1803,6.2,3.7,1721,5.9,DEN,55,2.5,138,42,65,162,28.6%,28,7.8
Derek Carr,LV,11,27,0,25,5.3%,95,20.0%,341,71.8%,2022,LV,4589,9.1,2009,6.6,4.0,1513,5.0,LV,27,2.6,119,33,40,100,18.4%,14,6.9
Daniel Jones,NYG,11,24,5,29,6.5%,54,12.2%,359,81.0%,2022,NYG,3024,6.4,1609,5.1,3.4,1596,5.0,NYG,44,2.5,137,46,53,143,25.1%,53,7.2
Davis Mills,HOU,13,12,1,18,3.9%,108,23.2%,329,70.6%,2022,HOU,3680,7.7,1588,5.4,3.3,1530,5.2,HOU,31,2.3,127,34,59,124,23.6%,16,6.3
Matt Ryan,IND,12,17,1,19,4.3%,60,13.5%,340,76.7%,2022,IND,2763,6.0,1643,5.3,3.6,1414,4.6,IND,38,2.3,145,33,51,122,24.0%,10,8.0
Mac Jones,NE,8,16,2,28,6.6%,57,13.4%,318,75.0%,2022,NE,3474,7.9,1566,5.4,3.5,1431,5.0,NE,34,2.2,94,34,27,95,19.2%,20,5.8
Andy Dalton,NO,10,14,0,25,6.9%,45,12.4%,284,78.0%,2022,NO,2974,7.9,1543,6.1,4.1,1328,5.3,NO,25,2.3,99,15,21,61,14.7%,11,4.8
Dak Prescott,DAL,4,6,0,24,6.2%,67,17.3%,296,76.3%,2022,DAL,3240,8.2,1656,6.3,4.2,1204,4.6,DAL,20,2.5,102,29,37,86,20.0%,15,5.0
Jacoby Brissett,CLE,5,16,3,25,7.1%,48,13.7%,265,75.7%,2022,CLE,3154,8.5,1513,6.4,4.1,1095,4.6,CLE,24,2.5,101,39,39,102,24.5%,23,8.7
Ryan Tannehill,TEN,11,7,1,20,6.3%,38,12.0%,235,74.1%,2022,TEN,2518,7.7,1363,6.4,4.2,1173,5.5,TEN,33,2.5,105,22,35,90,24.3%,13,7.2
Jimmy Garoppolo,SF,10,2,0,21,6.9%,39,12.7%,228,74.5%,2022,SF,2115,6.9,990,4.8,3.2,1447,7.0,SF,18,2.3,87,9,24,51,15.5%,3,3.7
Kenny Pickett,PIT,8,19,1,16,4.3%,67,18.2%,266,72.1%,2022,PIT,2923,7.5,1331,5.4,3.4,1073,4.4,PIT,27,2.5,95,34,32,93,21.0%,27,7.3
Kyler Murray,ARI,9,16,3,22,5.9%,44,11.9%,289,77.9%,2022,ARI,2673,6.9,1114,4.3,2.9,1254,4.8,ARI,25,2.2,89,42,15,82,18.5%,29,7.9
Justin Fields,CHI,12,13,0,16,5.2%,59,19.3%,217,71.1%,2022,CHI,2900,9.1,1285,6.7,4.0,957,5.0,CHI,55,2.7,102,33,31,119,26.9%,69,9.6
Lamar Jackson,BAL,8,16,1,26,8.4%,56,18.1%,233,75.4%,2022,BAL,2719,8.3,1271,6.3,3.9,971,4.8,BAL,26,2.6,125,32,15,73,19.4%,24,8.2
Marcus Mariota,ATL,3,7,4,8,2.8%,65,22.5%,204,70.6%,2022,ATL,3109,10.4,1319,7.2,4.4,900,4.9,ATL,28,2.6,101,13,33,74,20.9%,26,7.4
Matthew Stafford,LAR,3,6,1,11,3.7%,54,18.2%,224,75.7%,2022,LAR,2018,6.7,959,4.7,3.2,1128,5.5,LAR,29,2.3,77,23,27,79,23.4%,5,3.0
Taylor Heinicke,WAS,7,14,2,6,2.5%,44,18.1%,177,72.8%,2022,WAS,2099,8.1,1075,6.7,4.2,784,4.9,WAS,19,2.5,63,22,40,81,27.7%,14,6.5
Carson Wentz,WAS,8,6,0,16,5.9%,54,20.0%,192,71.1%,2022,WAS,2156,7.8,929,5.4,3.4,826,4.8,WAS,26,2.3,84,15,29,70,22.3%,12,6.8
Zach Wilson,NYJ,5,20,0,11,5.0%,56,25.2%,149,67.1%,2022,NYJ,2180,9.0,878,6.7,3.6,810,6.1,NYJ,23,2.5,94,36,15,74,26.6%,13,7.5
Brock Purdy,SF,7,5,0,13,7.9%,20,12.1%,127,77.0%,2022,SF,1119,6.6,668,5.9,3.9,706,6.2,SF,11,2.3,54,5,15,31,16.6%,6,4.2
Mitchell Trubisky,PIT,4,2,1,7,4.0%,25,14.1%,130,73.4%,2022,PIT,1730,9.6,870,7.4,4.8,382,3.3,PIT,11,2.3,43,9,10,30,15.4%,4,4.5
Mike White,NYJ,6,6,0,3,1.8%,38,22.5%,113,66.9%,2022,NYJ,1299,7.4,624,6.1,3.6,568,5.5,NYJ,9,2.3,28,5,16,30,16.2%,1,4.0
Sam Darnold,CAR,3,19,3,7,5.9%,16,13.6%,91,77.1%,2022,CAR,1103,7.9,553,6.7,4.0,590,7.2,CAR,10,2.7,49,13,9,32,20.1%,9,9.0
Deshaun Watson,CLE,4,12,2,12,7.7%,22,14.1%,116,74.4%,2022,CLE,1207,7.1,558,5.6,3.3,544,5.5,CLE,20,2.9,35,5,12,37,18.1%,14,7.1
Joe Flacco,NYJ,5,6,0,13,7.0%,38,20.5%,127,68.6%,2022,NYJ,1491,7.8,587,5.3,3.1,464,4.2,NYJ,10,2.4,55,16,26,52,25.7%,1,7.0
Cooper Rush,DAL,8,2,1,9,5.7%,33,20.8%,106,66.7%,2022,DAL,1257,7.8,596,6.3,3.7,455,4.8,DAL,7,2.2,47,14,17,38,22.2%,2,4.0
Jameis Winston,NO,2,2,2,3,2.7%,23,20.7%,81,73.0%,2022,NO,1315,11.4,651,8.9,5.7,207,2.8,NO,11,2.5,41,9,11,31,24.0%,3,3.7
Bailey Zappe,NE,5,4,0,3,3.4%,11,12.5%,69,78.4%,2022,NE,638,6.9,411,6.3,4.5,370,5.7,NE,6,2.5,36,5,2,13,13.1%,1,5.0
Colt McCoy,ARI,2,3,0,11,8.5%,22,17.1%,102,79.1%,2022,ARI,801,6.1,412,4.6,3.1,368,4.1,ARI,13,2.1,25,4,15,32,20.9%,8,4.3
P.J. Walker,CAR,1,1,0,7,6.7%,21,20.0%,69,65.7%,2022,CAR,864,8.2,323,5.1,3.0,408,6.5,CAR,7,2.2,28,4,4,15,13.0%,2,13.0
Desmond Ridder,ATL,1,5,0,1,0.9%,20,18.2%,83,75.5%,2022,ATL,902,7.8,379,5.2,3.3,329,4.5,ATL,9,2.7,41,1,8,18,13.3%,11,5.5
Teddy Bridgewater,MIA,1,4,0,2,2.7%,16,21.3%,56,74.7%,2022,MIA,664,8.4,376,7.7,4.8,307,6.3,MIA,7,2.7,7,5,13,25,28.1%,3,9.0
Gardner Minshew II,PHI,2,5,1,2,2.9%,14,20.0%,51,72.9%,2022,PHI,699,9.2,412,9.4,5.4,251,5.7,PHI,6,2.5,15,4,2,12,14.3%,2,2.0
Tyler Huntley,BAL,0,4,2,3,2.8%,15,14.2%,83,78.3%,2022,BAL,826,7.4,408,5.4,3.6,250,3.3,BAL,7,1.9,27,8,3,18,13.4%,15,6.1
Jarrett Stidham,LV,2,4,0,5,6.3%,13,16.5%,59,74.7%,2022,LV,755,9.1,395,7.5,4.8,261,4.9,LV,7,2.7,18,6,17,30,29.7%,11,7.2
Sam Ehlinger,IND,2,1,0,6,6.0%,18,18.0%,74,74.0%,2022,IND,722,7.1,279,4.4,2.8,294,4.6,IND,14,2.5,23,8,7,29,23.0%,11,6.5
Skylar Thompson,MIA,2,4,0,8,7.9%,22,21.8%,70,69.3%,2022,MIA,783,7.5,326,5.4,3.1,208,3.5,MIA,6,2.6,15,16,25,47,40.5%,5,4.0
Brett Rypien,DEN,2,1,0,2,2.3%,19,21.8%,63,72.4%,2022,DEN,734,8.3,216,4.1,2.5,267,5.0,DEN,8,2.4,22,2,9,19,19.6%,1,6.0
Kyle Allen,HOU,4,3,0,4,5.3%,14,18.7%,52,69.3%,2022,HOU,553,7.1,170,3.7,2.2,246,5.3,HOU,5,2.0,22,2,7,14,16.5%,2,4.5
Trace McSorley,ARI,1,5,1,2,2.6%,21,27.3%,50,64.9%,2022,ARI,644,7.8,205,4.6,2.5,207,4.6,ARI,3,2.2,24,5,8,16,17.4%,6,6.2
Joshua Dobbs,TEN,2,3,0,3,4.6%,14,21.5%,43,66.2%,2022,TEN,525,7.7,198,5.0,2.9,213,5.3,TEN,6,2.5,25,11,16,33,42.9%,3,7.7
David Blough,ARI,0,2,0,2,3.6%,10,17.9%,43,76.8%,2022,ARI,481,8.3,177,4.7,3.1,225,5.9,ARI,5,2.2,15,0,7,12,18.5%,2,3.5
John Wolford,LAR,2,1,0,1,1.6%,10,16.4%,50,82.0%,2022,LAR,504,8.1,192,5.1,3.1,198,5.2,LAR,7,2.7,19,7,14,28,37.8%,5,5.8
Anthony Brown,BAL,2,1,2,3,6.5%,12,26.1%,28,60.9%,2022,BAL,401,8.2,160,7.3,3.3,142,6.5,BAL,5,2.3,21,2,4,11,20.4%,0,0.0
Malik Willis,TEN,2,7,0,4,7.4%,12,22.2%,36,66.7%,2022,TEN,495,8.1,126,4.1,2.1,150,4.8,TEN,10,2.7,18,11,2,23,28.8%,9,6.0
Nick Foles,IND,0,1,0,2,4.9%,9,22.0%,27,65.9%,2022,IND,343,8.2,134,5.4,3.2,90,3.6,IND,8,2.4,13,4,3,15,29.4%,1,8.0
Nick Mullens,MIN,0,0,0,0,0.0%,2,8.0%,23,92.0%,2022,MIN,170,6.8,107,5.1,4.3,117,5.6,MIN,0,2.4,3,0,4,4,14.8%,2,3.0
Jordan Love,GB,0,0,1,1,5.0%,3,15.0%,16,80.0%,2022,GB,151,7.2,78,5.6,3.7,117,8.4,GB,0,2.1,1,0,0,0,0.0%,0,0.0
Trey Lance,SF,0,1,0,3,10.0%,10,33.3%,19,63.3%,2022,SF,207,6.7,114,7.6,3.7,80,5.3,SF,2,2.7,4,4,2,8,21.6%,4,4.3
Trevor Siemian,CHI,0,1,0,0,0.0%,5,20.0%,15,60.0%,2022,CHI,171,6.6,68,4.5,2.6,116,7.7,CHI,2,1.5,4,2,2,6,20.7%,1,6.0
Sam Howell,WAS,1,1,0,2,11.1%,3,16.7%,13,72.2%,2022,WAS,160,8.4,94,8.5,4.9,75,6.8,WAS,3,2.7,1,1,0,4,16.0%,3,9.0
Davis Webb,NYG,2,2,0,0,0.0%,7,18.4%,23,60.5%,2022,NYG,204,5.1,92,4.0,2.3,76,3.3,NYG,0,1.8,8,5,7,12,28.6%,2,8.0
Bryce Perkins,LAR,5,0,1,1,3.0%,4,12.1%,21,63.6%,2022,LAR,196,5.8,96,5.1,2.8,65,3.4,LAR,6,2.7,7,6,3,15,34.1%,4,8.0
Nathan Peterman,CHI,0,0,1,2,8.3%,5,20.8%,17,70.8%,2022,CHI,265,10.6,95,6.8,3.8,44,3.1,CHI,1,2.5,5,1,1,3,10.7%,2,3.5
Jeff Driskel,HOU,3,1,0,1,5.3%,0,0.0%,15,78.9%,2022,HOU,45,2.3,29,2.1,1.5,79,5.6,HOU,2,1.8,4,2,1,5,20.0%,3,5.3
Chris Streveler,NYJ,0,0,0,1,6.7%,2,13.3%,10,66.7%,2022,NYJ,131,8.7,73,7.3,4.9,17,1.7,NYJ,0,2.5,6,0,4,4,21.1%,4,7.8
Jacob Eason,CAR,0,0,0,0,0.0%,1,20.0%,4,80.0%,2022,CAR,20,4.0,9,3.0,1.8,50,16.7,CAR,0,2.2,0,0,1,1,20.0%,0,0.0
Tyrod Taylor,NYG,0,0,0,1,12.5%,0,0.0%,7,87.5%,2022,NYG,99,12.4,32,5.3,4.0,26,4.3,NYG,3,2.6,1,0,1,4,26.7%,4,14.3
Chase Daniel,LAC,0,0,0,1,8.3%,3,25.0%,9,75.0%,2022,LAC,17,1.4,-11,-1.4,-0.9,63,7.9,LAC,1,1.8,4,0,1,2,14.3%,1,4.0
Brian Hoyer,NE,0,0,0,0,0.0%,1,16.7%,5,83.3%,2022,NE,28,4.7,15,3.0,2.5,22,4.4,NE,1,1.6,4,0,1,2,28.6%,0,0.0
C.J. Beathard,JAX,0,0,0,1,9.1%,2,18.2%,8,72.7%,2022,JAX,57,5.2,15,2.1,1.4,20,2.9,JAX,1,1.8,1,0,2,3,25.0%,0,0.0
Tim Boyle,CHI,0,0,0,0,0.0%,3,37.5%,5,62.5%,2022,CHI,101,12.6,1,0.5,0.1,32,16.0,CHI,0,2.4,1,0,1,1,12.5%,0,0.0
Blaine Gabbert,TB,0,0,0,1,12.5%,0,0.0%,8,100.0%,2022,TB,20,2.5,-8,-1.3,-1.0,37,6.2,TB,0,1.7,2,0,0,0,0.0%,0,0.0
Kyle Trask,TB,0,1,0,0,0.0%,2,25.0%,5,62.5%,2022,TB,99,11.0,3,1.0,0.3,20,6.7,TB,0,2.3,2,0,2,2,22.2%,0,0.0
Brandon Allen,CIN,0,0,0,0,0.0%,0,0.0%,3,100.0%,2022,CIN,10,3.3,10,3.3,3.3,12,4.0,CIN,1,2.5,3,0,0,1,25.0%,0,0.0
Josh Johnson,SF,1,0,0,0,0.0%,0,0.0%,1,50.0%,2022,SF,2,1.0,6,6.0,3.0,4,4.0,SF,0,1.4,2,0,0,0,0.0%,0,0.0
Case Keenum,BUF,0,0,0,1,14.3%,2,28.6%,3,42.9%,2022,BUF,57,8.1,3,1.5,0.4,5,2.5,BUF,0,1.7,6,0,0,0,0.0%,0,0.0
Chad Henne,KC,1,0,0,1,50.0%,0,0.0%,0,0.0%,2022,KC,-4,-2.0,0,0.0,0.0,0,0.0,KC,0,1.8,0,0,0,0,0.0%,0,0.0
