Player,Tm,FantPos,Age,G,GS,Cmp,Att_pass,Yds_pass,TD_pass,Int_pass,Att_rush,Yds_rush,Y/A,TD_rush,Tgt,Rec,Yds_rec,Y/R,TD_rec,Fmb,FL,TD_total,2PM,2PP,FantPt,PPR,DKPt,FDPt,VBD,PosRank,OvRank,Year,Team_Yds,Team_Tgt,Team_Att_rush,Team_Yds_rush
Josh Jacobs,LV,RB,24,17,17,0,0,0,0,0,340,1653,4.86,12,64,53,400,7.55,0,3,1,12,0,0,275,328.3,335.3,301.8,127,1,2,2022,6244,558,427,2062
Christian McCaffrey,2TM,RB,26,17,16,1,1,34,1,0,244,1139,4.67,8,108,85,741,8.72,5,1,0,13,0,0,271,356.4,362.4,313.9,123,2,3,2022,6488,741,969,4290
Derrick Henry,TEN,RB,28,16,16,2,2,4,1,0,349,1538,4.41,13,41,33,398,12.06,0,6,3,13,0,0,270,302.8,311.8,286.3,122,3,4,2022,5333,428,482,2106
Austin Ekeler,LAC,RB,27,17,17,0,0,0,0,0,204,915,4.49,13,127,107,722,6.75,5,5,3,18,0,0,266,372.7,381.7,319.2,118,4,6,2022,6315,687,404,1524
Nick Chubb,CLE,RB,27,17,17,0,0,0,0,0,302,1525,5.05,12,37,27,239,8.85,1,1,1,13,1,0,254,281.4,288.4,267.9,107,5,10,2022,6200,496,532,2490
Saquon Barkley,NYG,RB,25,16,16,0,0,0,0,0,295,1312,4.45,10,76,57,338,5.93,0,1,0,10,1,0,227,284.0,290.0,255.5,82,6,15,2022,5930,419,516,2499
Jamaal Williams,DET,RB,27,17,9,0,0,0,0,0,262,1066,4.07,17,16,12,73,6.08,0,3,2,17,1,0,214,225.9,230.9,219.9,69,7,18,2022,6562,519,478,2124
Tony Pollard,DAL,RB,25,16,4,0,0,0,0,0,193,1007,5.22,9,55,39,371,9.51,3,0,0,12,0,0,210,248.8,254.8,229.3,65,8,20,2022,6209,545,530,2298
Dalvin Cook,MIN,RB,27,17,17,0,0,0,0,0,264,1173,4.44,8,56,39,295,7.56,2,4,4,10,0,0,199,237.8,247.8,218.3,55,9,21,2022,6466,555,404,1661
Miles Sanders,PHI,RB,25,17,15,0,0,0,0,0,259,1269,4.9,11,26,20,78,3.9,0,2,2,11,0,0,197,216.7,221.7,206.7,53,10,22,2022,6873,505,544,2509
Aaron Jones,GB,RB,28,17,17,0,0,0,0,0,213,1121,5.26,2,72,59,395,6.69,5,5,3,7,1,0,190,248.6,257.6,219.1,46,11,26,2022,6003,509,455,2113
Najee Harris,PIT,RB,24,17,17,1,1,4,0,0,272,1034,3.8,7,53,41,229,5.59,3,3,2,10,0,0,182,223.5,231.5,203.0,40,12,31,2022,5674,498,491,2014
Rhamondre Stevenson,NE,RB,24,17,7,0,0,0,0,0,210,1040,4.95,5,88,69,421,6.1,1,4,1,6,0,0,180,249.1,256.1,214.6,37,13,33,2022,5627,514,425,1812
Joe Mixon,CIN,RB,26,14,14,0,0,0,0,0,210,814,3.88,7,75,60,441,7.35,2,0,0,9,0,0,180,239.5,245.5,209.5,37,14,34,2022,6048,594,399,1528
Kenneth Walker III,SEA,RB,22,15,11,0,0,0,0,0,228,1050,4.61,9,35,27,165,6.11,0,0,0,9,0,0,176,202.5,208.5,189.0,33,15,37,2022,6326,547,415,2044
Travis Etienne,JAX,RB,23,17,12,0,0,0,0,0,220,1125,5.11,5,45,35,316,9.03,0,5,3,5,1,0,170,205.1,214.1,187.6,28,16,43,2022,5924,563,367,1776
Ezekiel Elliott,DAL,RB,27,15,14,0,0,0,0,0,231,876,3.79,12,23,17,92,5.41,0,0,0,12,0,0,169,185.8,188.8,177.3,27,17,44,2022,6209,545,530,2298
Alvin Kamara,NO,RB,27,15,13,0,0,0,0,0,223,897,4.02,2,77,57,490,8.6,2,4,4,4,0,0,155,211.7,221.7,183.2,14,18,54,2022,5873,487,448,1904
James Conner,ARI,RB,27,13,13,0,0,0,0,0,183,782,4.27,7,58,46,300,6.52,1,3,1,8,0,0,154,200.2,207.2,177.2,13,19,55,2022,5536,579,364,1574
Leonard Fournette,TB,RB,27,16,9,0,1,0,0,1,189,668,3.53,3,83,73,523,7.16,3,0,0,6,0,0,153,226.1,233.1,190.6,12,20,56,2022,6052,717,385,1306
David Montgomery,CHI,RB,25,16,16,0,0,0,0,0,201,801,3.99,5,40,34,316,9.29,1,2,2,6,0,0,144,177.7,185.7,160.7,3,21,66,2022,5609,326,556,3011
D'Andre Swift,DET,RB,23,14,8,0,0,0,0,0,99,542,5.47,5,70,48,389,8.1,3,1,0,8,1,0,143,191.1,197.1,167.1,3,23,67,2022,6562,519,478,2124
Tyler Allgeier,ATL,RB,22,16,7,0,0,0,0,0,210,1035,4.93,3,17,16,139,8.69,1,0,0,4,1,0,143,159.4,165.4,151.4,3,22,68,2022,5645,400,559,2718
AJ Dillon,GB,RB,24,17,3,0,0,0,0,0,186,770,4.14,7,43,28,206,7.36,0,1,0,7,0,0,140,167.6,173.6,153.6,0,26,0,2022,6003,509,455,2113
Jerick McKinnon,KC,RB,30,17,0,0,0,0,0,0,72,291,4.04,1,71,56,512,9.14,9,1,1,10,1,0,140,196.3,203.3,168.3,0,24,0,2022,7161,597,412,1911
Devin Singletary,BUF,RB,25,16,16,0,0,0,0,0,177,819,4.63,5,52,38,280,7.37,1,3,3,6,0,0,140,177.9,186.9,158.9,0,25,0,2022,6435,526,407,2144
Raheem Mostert,MIA,RB,30,16,14,0,0,0,0,0,181,891,4.92,3,42,31,202,6.52,2,1,1,5,0,0,137,168.3,175.3,152.8,0,27,0,2022,5939,521,262,1174
Jeff Wilson,2TM,RB,27,16,7,0,0,0,0,0,176,860,4.89,5,37,22,185,8.41,1,3,2,6,0,0,137,158.5,166.5,147.5,0,28,0,2022,6488,741,969,4290
Dameon Pierce,HOU,RB,22,13,13,0,0,0,0,0,220,939,4.27,4,39,30,165,5.5,1,4,2,5,0,0,136,166.4,174.4,151.4,0,29,0,2022,5107,528,392,1465
Cordarrelle Patterson,ATL,RB,31,13,11,0,0,0,0,0,144,695,4.83,8,31,21,122,5.81,0,1,1,9,0,0,134,154.7,161.7,144.2,0,30,0,2022,5645,400,559,2718
Cam Akers,LAR,RB,23,15,9,0,0,0,0,0,188,786,4.18,7,18,13,117,9.0,0,2,2,7,0,0,128,141.3,149.3,134.8,0,31,0,2022,4262,516,396,1624
Latavius Murray,2TM,RB,32,13,7,0,0,0,0,0,171,760,4.44,6,35,27,132,4.89,0,1,0,6,1,0,127,154.2,160.2,140.7,0,32,0,2022,6488,741,969,4290
D'Onta Foreman,CAR,RB,26,17,9,0,0,0,0,0,203,914,4.5,5,9,5,26,5.2,0,1,0,5,1,0,126,131.0,134.0,128.5,0,33,0,2022,3696,357,381,1763
Isiah Pacheco,KC,RB,23,17,11,0,0,0,0,0,170,830,4.88,5,14,13,130,10.0,0,4,2,5,0,0,122,135.0,143.0,128.5,0,34,0,2022,7161,597,412,1911
Antonio Gibson,WAS,RB,24,15,6,0,0,0,0,0,149,546,3.66,3,58,46,353,7.67,2,1,0,5,0,0,120,165.9,171.9,142.9,0,35,0,2022,5926,531,538,2143
Jonathan Taylor,IND,RB,23,11,11,0,0,0,0,0,192,861,4.48,4,40,28,143,5.11,0,3,3,4,0,0,118,146.4,155.4,132.4,0,36,0,2022,5319,546,345,1465
Khalil Herbert,CHI,RB,24,13,1,0,0,0,0,0,129,731,5.67,4,12,9,57,6.33,1,0,0,5,0,0,109,117.8,120.8,113.3,0,37,0,2022,5609,326,556,3011
Samaje Perine,CIN,RB,27,16,2,0,0,0,0,0,95,394,4.15,2,51,38,287,7.55,4,0,0,6,0,0,104,142.1,148.1,123.1,0,38,0,2022,6048,594,399,1528
Brian Robinson Jr.,WAS,RB,23,12,9,0,0,0,0,0,205,797,3.89,2,12,9,60,6.67,1,2,0,3,0,0,104,112.7,115.7,108.2,0,39,0,2022,5926,531,538,2143
Breece Hall,NYJ,RB,21,7,2,0,0,0,0,0,80,463,5.79,4,31,19,218,11.47,1,1,1,5,0,0,96,115.1,122.1,105.6,0,40,0,2022,5622,584,375,1599
Kareem Hunt,CLE,RB,27,17,0,0,0,0,0,0,123,468,3.8,3,44,35,210,6.0,1,1,0,4,0,0,92,126.8,132.8,109.3,0,41,0,2022,6200,496,532,2490
Rachaad White,TB,RB,23,17,8,0,0,0,0,0,129,481,3.73,1,58,50,290,5.8,2,3,3,3,0,0,89,139.1,148.1,114.1,0,42,0,2022,6052,717,385,1306
Kenyan Drake,BAL,RB,28,12,5,0,0,0,0,0,109,482,4.42,4,26,17,89,5.24,1,1,0,5,0,0,87,104.1,107.1,95.6,0,43,0,2022,5921,460,525,2719
Michael Carter,NYJ,RB,23,16,10,0,0,0,0,0,114,402,3.53,3,54,41,288,7.02,0,2,1,3,0,0,85,126.0,133.0,105.5,0,44,0,2022,5622,584,375,1599
James Cook,BUF,RB,23,16,0,0,0,0,0,0,89,507,5.7,2,32,21,180,8.57,1,1,1,3,0,0,85,105.7,112.7,95.2,0,45,0,2022,6435,526,407,2144
Clyde Edwards-Helaire,KC,RB,23,10,6,0,0,0,0,0,71,302,4.25,3,23,17,151,8.88,3,0,0,6,0,0,81,98.3,104.3,89.8,0,46,0,2022,7161,597,412,1911
James Robinson,2TM,RB,24,11,5,0,0,0,0,0,110,425,3.86,3,14,11,51,4.64,2,1,0,5,0,0,78,88.6,91.6,83.1,0,47,0,2022,6488,741,969,4290
J.K. Dobbins,BAL,RB,24,8,8,0,0,0,0,0,92,520,5.65,2,8,7,42,6.0,1,0,0,3,0,0,74,81.2,84.2,77.7,0,48,0,2022,5921,460,525,2719
Damien Harris,NE,RB,25,11,9,0,0,0,0,0,106,462,4.36,3,23,17,97,5.71,0,0,0,3,0,0,74,90.9,93.9,82.4,0,49,0,2022,5627,514,425,1812
Chuba Hubbard,CAR,RB,23,15,2,0,0,0,0,0,95,466,4.91,2,17,14,171,12.21,0,2,1,2,0,0,74,87.7,94.7,80.7,0,50,0,2022,3696,357,381,1763
Alexander Mattison,MIN,RB,24,17,0,0,0,0,0,0,74,283,3.82,5,18,15,91,6.07,1,0,0,6,0,0,73,88.4,91.4,80.9,0,51,0,2022,6466,555,404,1661
Eno Benjamin,3TM,RB,23,15,3,0,0,0,0,0,77,313,4.06,2,34,25,193,7.72,0,0,0,2,1,0,65,89.6,95.6,77.1,0,54,0,2022,313,34,77,313
Kenneth Gainwell,PHI,RB,23,17,0,0,0,0,0,0,53,240,4.53,4,29,23,169,7.35,0,0,0,4,0,0,65,87.9,93.9,76.4,0,53,0,2022,6873,505,544,2509
Jaylen Warren,PIT,RB,24,16,0,0,0,0,0,0,77,379,4.92,1,33,28,214,7.64,0,1,0,1,0,0,65,93.3,99.3,79.3,0,52,0,2022,5674,498,491,2014
Melvin Gordon,DEN,RB,29,10,6,0,0,0,0,0,90,318,3.53,2,32,25,223,8.92,0,5,2,2,0,0,62,87.1,95.1,74.6,0,55,0,2022,5030,484,242,1023
Gus Edwards,BAL,RB,27,9,4,0,0,0,0,0,87,433,4.98,3,2,0,0,0.0,0,1,1,3,0,0,59,59.3,63.3,59.3,0,56,0,2022,5921,460,525,2719
Chase Edmonds,2TM,RB,26,13,3,0,0,0,0,0,68,245,3.6,2,24,16,157,9.81,1,0,0,3,0,0,58,74.2,80.2,66.2,0,57,0,2022,6488,741,969,4290
Darrell Henderson,LAR,RB,25,10,7,0,0,0,0,0,70,283,4.04,3,22,17,102,6.0,0,0,0,3,0,0,57,73.5,79.5,65.0,0,58,0,2022,4262,516,396,1624
Dontrell Hilliard,TEN,RB,27,12,1,0,0,0,0,0,22,145,6.59,0,26,21,177,8.43,4,0,0,4,0,0,56,77.2,83.2,66.7,0,59,0,2022,5333,428,482,2106
Deon Jackson,IND,RB,23,16,2,0,0,0,0,0,68,236,3.47,1,34,30,209,6.97,1,1,1,2,0,0,55,84.5,91.5,69.5,0,60,0,2022,5319,546,345,1465
Zack Moss,2TM,RB,25,13,3,0,0,0,0,0,93,456,4.9,1,13,11,39,3.55,0,1,1,1,0,0,54,64.5,68.5,59.0,0,61,0,2022,6488,741,969,4290
Nyheim Hines,2TM,RB,26,16,5,0,0,0,0,0,24,33,1.38,1,37,30,241,8.03,1,2,0,4,0,0,51,81.4,84.4,66.4,0,62,0,2022,6488,741,969,4290
Joshua Kelley,LAC,RB,25,13,1,0,0,0,0,0,69,287,4.16,2,25,14,101,7.21,0,0,0,2,0,0,51,64.8,70.8,57.8,0,63,0,2022,6315,687,404,1524
Jamycal Hasty,JAX,RB,26,17,0,0,0,0,0,0,46,194,4.22,2,26,20,126,6.3,1,0,0,3,0,0,50,70.0,76.0,60.0,0,64,0,2022,5924,563,367,1776
Rashaad Penny,SEA,RB,26,5,5,0,0,0,0,0,57,346,6.07,2,5,4,16,4.0,0,1,0,2,0,0,48,52.2,55.2,50.2,0,65,0,2022,6326,547,415,2044
Zonovan Knight,NYJ,RB,21,7,4,0,0,0,0,0,85,300,3.53,1,14,13,100,7.69,0,2,0,1,0,0,46,59.0,65.0,52.5,0,66,0,2022,5622,584,375,1599
Caleb Huntley,ATL,RB,24,12,0,0,0,0,0,0,76,366,4.82,1,2,2,3,1.5,0,1,0,1,0,0,43,44.9,47.9,43.9,0,67,0,2022,5645,400,559,2718
Elijah Mitchell,SF,RB,24,5,1,0,0,0,0,0,45,279,6.2,2,4,3,7,2.33,0,0,0,2,0,0,41,43.6,46.6,42.1,0,69,0,2022,5161,426,253,1146
Boston Scott,PHI,RB,27,15,2,0,0,0,0,0,54,217,4.02,3,6,5,15,3.0,0,0,0,3,0,0,41,46.2,49.2,43.7,0,68,0,2022,6873,505,544,2509
Matt Breida,NYG,RB,27,17,1,0,0,0,0,0,54,220,4.07,1,25,20,118,5.9,0,0,0,1,0,0,40,59.8,65.8,49.8,0,71,0,2022,5930,419,516,2499
Rex Burkhead,HOU,RB,32,16,0,0,1,0,0,0,26,80,3.08,0,51,37,204,5.51,1,0,0,2,0,0,40,77.4,80.4,58.9,0,70,0,2022,5107,528,392,1465
Justin Jackson,DET,RB,26,16,0,0,0,0,0,0,42,170,4.05,1,19,12,101,8.42,1,0,0,2,0,0,39,51.1,57.1,45.1,0,72,0,2022,6562,519,478,2124
Mark Ingram,NO,RB,33,10,3,0,0,0,0,0,62,233,3.76,1,18,16,68,4.25,0,2,2,1,1,0,34,50.1,55.1,42.1,0,74,0,2022,5873,487,448,1904
Raheem Blackshear,CAR,RB,23,13,1,0,0,0,0,0,23,77,3.35,3,12,10,93,9.3,0,1,1,3,0,0,33,43.0,44.0,38.0,0,75,0,2022,3696,357,381,1763
Jordan Mason,SF,RB,23,16,0,0,0,0,0,0,43,258,6.0,1,0,0,0,0.0,0,0,0,1,0,0,32,31.8,34.8,31.8,0,76,0,2022,5161,426,253,1146
Ty Johnson,NYJ,RB,25,17,1,0,0,0,0,0,30,160,5.33,1,24,12,88,7.33,0,0,0,1,0,0,31,42.8,45.8,36.8,0,77,0,2022,5622,584,375,1599
Justice Hill,BAL,RB,25,15,0,0,0,0,0,0,49,262,5.35,0,12,12,58,4.83,0,2,1,0,0,0,30,42.0,46.0,36.0,0,79,0,2022,5921,460,525,2719
Marlon Mack,2TM,RB,26,8,0,0,0,0,0,0,16,84,5.25,1,10,8,99,12.38,1,0,0,2,0,0,30,38.3,38.3,34.3,0,78,0,2022,6488,741,969,4290
Ameer Abdullah,LV,RB,29,17,0,0,0,0,0,0,4,20,5.0,0,32,25,211,8.44,1,0,0,1,0,0,29,54.1,57.1,41.6,0,81,0,2022,6244,558,427,2062
DeeJay Dallas,SEA,RB,24,15,0,0,1,0,0,1,35,186,5.31,0,19,17,126,7.41,0,1,0,0,0,0,29,46.2,53.2,38.7,0,80,0,2022,6326,547,415,2044
J.D. McKissic,WAS,RB,29,8,0,0,0,0,0,0,22,95,4.32,0,40,27,173,6.41,0,0,0,0,1,0,29,55.8,58.8,42.3,0,82,0,2022,5926,531,538,2143
Dare Ogunbowale,HOU,RB,28,17,4,0,0,0,0,0,42,123,2.93,1,26,20,104,5.2,0,0,0,1,0,0,29,48.7,54.7,38.7,0,83,0,2022,5107,528,392,1465
Malik Davis,DAL,RB,24,12,0,0,0,0,0,0,38,161,4.24,1,7,6,63,10.5,0,0,0,1,0,0,28,34.4,37.4,31.4,0,84,0,2022,6209,545,530,2298
Travis Homer,SEA,RB,24,10,1,0,0,0,0,0,19,74,3.89,0,18,16,157,9.81,1,1,1,1,0,0,27,43.1,47.1,35.1,0,85,0,2022,6326,547,415,2044
Javonte Williams,DEN,RB,22,4,4,0,0,0,0,0,47,204,4.34,0,22,16,76,4.75,0,1,1,0,0,0,26,42.0,46.0,34.0,0,86,0,2022,5030,484,242,1023
Gary Brightwell,NYG,RB,23,17,0,0,0,0,0,0,31,141,4.55,1,8,5,39,7.8,0,0,0,1,0,0,24,29.0,32.0,26.5,0,87,0,2022,5930,419,516,2499
Craig Reynolds,DET,RB,26,9,0,0,0,0,0,0,23,102,4.43,0,10,9,116,12.89,0,0,0,0,0,0,22,30.8,36.8,26.3,0,89,0,2022,6562,519,478,2124
Kyren Williams,LAR,RB,22,10,0,0,0,0,0,0,35,139,3.97,0,12,9,76,8.44,0,0,0,0,0,0,22,30.5,33.5,26.0,0,90,0,2022,4262,516,396,1624
Avery Williams,ATL,RB,24,17,3,0,0,0,0,0,22,109,4.95,1,14,13,61,4.69,0,1,1,1,0,0,21,34.0,38.0,27.5,0,92,0,2022,5645,400,559,2718
Mike Boone,DEN,RB,27,9,0,0,0,0,0,0,24,102,4.25,0,15,9,96,10.67,0,0,0,0,0,0,20,28.8,31.8,24.3,0,94,0,2022,5030,484,242,1023
Pierre Strong,NE,RB,24,15,0,0,0,0,0,0,10,100,10.0,1,7,7,42,6.0,0,0,0,1,0,0,20,27.2,30.2,23.7,0,93,0,2022,5627,514,425,1812
Tevin Coleman,SF,RB,29,5,0,0,0,0,0,0,12,26,2.17,1,3,3,44,14.67,1,0,0,2,0,0,19,22.0,22.0,20.5,0,96,0,2022,5161,426,253,1146
Jonathan Williams,WAS,RB,28,13,2,0,0,0,0,0,37,152,4.11,0,10,7,40,5.71,0,0,0,0,0,0,19,26.2,29.2,22.7,0,95,0,2022,5926,531,538,2143
Brandon Bolden,LV,RB,32,16,0,0,0,0,0,0,17,66,3.88,0,9,9,57,6.33,1,0,0,1,0,0,18,27.3,27.3,22.8,0,97,0,2022,6244,558,427,2062
Malcolm Brown,LAR,RB,29,11,0,0,0,0,0,0,18,81,4.5,1,6,5,37,7.4,0,0,0,1,0,0,18,22.8,22.8,20.3,0,98,0,2022,4262,516,396,1624
Corey Clement,ARI,RB,28,9,1,0,0,0,0,0,15,55,3.67,1,7,5,54,10.8,0,0,0,1,0,0,17,21.9,21.9,19.4,0,100,0,2022,5536,579,364,1574
Benny Snell Jr.,PIT,RB,24,17,0,0,0,0,0,0,20,90,4.5,1,2,2,17,8.5,0,0,0,1,0,0,17,18.7,18.7,17.7,0,101,0,2022,5674,498,491,2014
Darrel Williams,ARI,RB,27,6,0,0,0,0,0,0,21,102,4.86,1,8,4,9,2.25,0,0,0,1,0,0,17,21.1,24.1,19.1,0,99,0,2022,5536,579,364,1574
Sony Michel,LAC,RB,27,10,0,0,0,0,0,0,36,106,2.94,0,13,9,53,5.89,0,0,0,0,0,0,16,24.9,27.9,20.4,0,102,0,2022,6315,687,404,1524
Hassan Haskins,TEN,RB,23,15,1,0,0,0,0,0,25,93,3.72,0,12,11,57,5.18,0,0,0,0,0,0,15,26.0,26.0,20.5,0,105,0,2022,5333,428,482,2106
Ronald Jones II,KC,RB,25,6,0,0,0,0,0,0,17,70,4.12,1,1,1,22,22.0,0,0,0,1,0,0,15,16.2,16.2,15.7,0,103,0,2022,7161,597,412,1911
Keaontay Ingram,ARI,RB,23,12,0,0,0,0,0,0,27,60,2.22,1,5,4,21,5.25,0,0,0,1,0,0,14,18.1,18.1,16.1,0,106,0,2022,5536,579,364,1574
Salvon Ahmed,MIA,RB,24,12,0,0,0,0,0,0,12,64,5.33,1,1,1,8,8.0,0,0,0,1,0,0,13,14.2,14.2,13.7,0,108,0,2022,5939,521,262,1174
Royce Freeman,HOU,RB,26,4,1,0,0,0,0,0,41,117,2.85,0,8,6,33,5.5,0,1,1,0,0,0,13,19.0,23.0,16.0,0,109,0,2022,5107,528,392,1465
Kevin Harris,NE,RB,22,5,1,0,0,0,0,0,18,52,2.89,1,0,0,0,0.0,0,0,0,1,0,0,11,11.2,11.2,11.2,0,112,0,2022,5627,514,425,1812
Snoop Conner,JAX,RB,23,8,0,0,0,0,0,0,12,42,3.5,1,0,0,0,0.0,0,0,0,1,0,0,10,10.2,10.2,10.2,0,113,0,2022,5924,563,367,1776
Tyrion Davis-Price,SF,RB,22,6,0,0,0,0,0,0,34,99,2.91,0,2,0,0,0.0,0,0,0,0,0,0,10,9.9,9.9,9.9,0,115,0,2022,5161,426,253,1146
Chris Evans,CIN,RB,25,12,0,0,0,0,0,0,0,0,0.0,0,4,3,38,12.67,1,0,0,1,0,0,10,12.8,12.8,11.3,0,116,0,2022,6048,594,399,1528
Darrynton Evans,CHI,RB,24,6,0,0,0,0,0,0,14,64,4.57,0,1,1,33,33.0,0,0,0,0,0,0,10,10.7,10.7,10.2,0,117,0,2022,5609,326,556,3011
Kene Nwangwu,MIN,RB,24,17,0,0,0,0,0,0,9,14,1.56,0,2,2,21,10.5,0,0,0,1,0,0,10,11.5,11.5,10.5,0,118,0,2022,6466,555,404,1661
Phillip Lindsay,IND,RB,28,3,0,0,0,0,0,0,15,49,3.27,0,8,6,19,3.17,0,0,0,0,1,0,9,14.8,14.8,11.8,0,120,0,2022,5319,546,345,1465
Jordan Wilkins,IND,RB,28,4,0,0,0,0,0,0,13,58,4.46,0,8,6,29,4.83,0,0,0,0,0,0,9,14.7,14.7,11.7,0,121,0,2022,5319,546,345,1465
Tyler Badie,DEN,RB,22,1,0,0,0,0,0,0,1,0,0.0,0,1,1,24,24.0,1,0,0,1,0,0,8,9.4,9.4,8.9,0,122,0,2022,5030,484,242,1023
Jaret Patterson,WAS,RB,23,3,0,0,0,0,0,0,17,78,4.59,0,1,0,0,0.0,0,0,0,0,0,0,8,7.8,7.8,7.8,0,123,0,2022,5926,531,538,2143
Ke'Shawn Vaughn,TB,RB,25,15,0,0,0,0,0,0,17,53,3.12,0,4,3,19,6.33,0,0,0,0,0,0,7,10.2,10.2,8.7,0,124,0,2022,6052,717,385,1306
Zamir White,LV,RB,23,14,0,0,0,0,0,0,17,70,4.12,0,0,0,0,0.0,0,0,0,0,0,0,7,7.0,7.0,7.0,0,125,0,2022,6244,558,427,2062
Trayveon Williams,CIN,RB,25,8,0,0,0,0,0,0,6,30,5.0,0,3,2,30,15.0,0,0,0,0,0,0,6,8.0,8.0,7.0,0,126,0,2022,6048,594,399,1528
Spencer Brown,CAR,RB,24,2,0,0,0,0,0,0,9,43,4.78,0,4,2,10,5.0,0,0,0,0,0,0,5,7.3,7.3,6.3,0,130,0,2022,3696,357,381,1763
Julius Chestnut,TEN,RB,22,6,0,0,0,0,0,0,9,12,1.33,0,3,3,41,13.67,0,0,0,0,0,0,5,8.3,8.3,6.8,0,131,0,2022,5333,428,482,2106
Myles Gaskin,MIA,RB,25,4,0,0,0,0,0,0,10,26,2.6,0,6,4,28,7.0,0,0,0,0,0,0,5,9.4,9.4,7.4,0,127,0,2022,5939,521,262,1174
David Johnson,NO,RB,31,5,0,0,0,0,0,0,12,24,2.0,0,4,4,47,11.75,0,1,1,0,0,0,5,9.1,10.1,7.1,0,132,0,2022,5873,487,448,1904
Tony Jones,2TM,RB,25,6,0,0,0,0,0,0,10,24,2.4,0,8,5,30,6.0,0,0,0,0,0,0,5,10.4,10.4,7.9,0,128,0,2022,6488,741,969,4290
Ronnie Rivers,LAR,RB,23,8,1,0,0,0,0,0,9,21,2.33,0,5,5,29,5.8,0,0,0,0,0,0,5,10.0,10.0,7.5,0,133,0,2022,4262,516,396,1624
Isaiah Spiller,LAC,RB,21,6,0,0,0,0,0,0,18,41,2.28,0,3,3,13,4.33,0,0,0,0,0,0,5,8.4,8.4,6.9,0,129,0,2022,6315,687,404,1524
Patrick Taylor,GB,RB,24,14,0,0,0,0,0,0,10,31,3.1,0,1,1,17,17.0,0,0,0,0,0,0,5,5.8,5.8,5.3,0,134,0,2022,6003,509,455,2113
Dwayne Washington,NO,RB,28,12,0,0,0,0,0,0,11,38,3.45,0,1,1,7,7.0,0,0,0,0,0,0,5,5.5,5.5,5.0,0,135,0,2022,5873,487,448,1904
Trestan Ebner,CHI,RB,23,17,0,0,0,0,0,0,24,54,2.25,0,8,2,8,4.0,0,2,1,0,0,0,4,6.2,7.2,5.2,0,136,0,2022,5609,326,556,3011
Anthony McFarland Jr.,PIT,RB,24,1,0,0,0,0,0,0,6,30,5.0,0,2,2,11,5.5,0,0,0,0,0,0,4,6.1,6.1,5.1,0,137,0,2022,5674,498,491,2014
Giovani Bernard,TB,RB,31,8,0,0,0,0,0,0,8,28,3.5,0,2,2,-1,-0.5,0,1,0,0,0,0,3,4.7,4.7,3.7,0,140,0,2022,6052,717,385,1306
Larry Rountree,LAC,RB,23,4,0,0,0,0,0,0,13,19,1.46,0,2,2,14,7.0,0,0,0,0,0,0,3,5.3,5.3,4.3,0,138,0,2022,6315,687,404,1524
Jonathan Ward,2TM,RB,25,8,0,0,0,0,0,0,5,25,5.0,0,3,2,7,3.5,0,0,0,0,0,0,3,5.2,5.2,4.2,0,139,0,2022,6488,741,969,4290
Ty Chandler,MIN,RB,24,3,0,0,0,0,0,0,6,20,3.33,0,0,0,0,0.0,0,0,0,0,0,0,2,2.0,2.0,2.0,0,143,0,2022,6466,555,404,1661
Mike Davis,BAL,RB,29,8,0,0,0,0,0,0,8,18,2.25,0,2,2,4,2.0,0,1,0,0,0,0,2,4.2,4.2,3.2,0,142,0,2022,5921,460,525,2719
D'Ernest Johnson,CLE,RB,26,15,0,0,0,0,0,0,4,17,4.25,0,3,3,7,2.33,0,0,0,0,0,0,2,5.4,5.4,3.9,0,141,0,2022,6200,496,532,2490
Trey Sermon,PHI,RB,23,2,0,0,0,0,0,0,2,19,9.5,0,0,0,0,0.0,0,0,0,0,0,0,2,1.9,1.9,1.9,0,145,0,2022,6873,505,544,2509
J.J. Taylor,NE,RB,24,1,0,0,0,0,0,0,10,9,0.9,0,1,1,8,8.0,0,0,0,0,0,0,2,2.7,2.7,2.2,0,148,0,2022,5627,514,425,1812
Reggie Bonnafon,WAS,RB,26,1,0,0,0,0,0,0,3,8,2.67,0,0,0,0,0.0,0,0,0,0,0,0,1,0.8,0.8,0.8,0,153,0,2022,5926,531,538,2143
Jerome Ford,CLE,RB,23,13,0,0,0,0,0,0,8,12,1.5,0,0,0,0,0.0,0,0,0,0,0,0,1,1.2,1.2,1.2,0,149,0,2022,6200,496,532,2490
Kylin Hill,GB,RB,24,2,0,0,0,0,0,0,1,7,7.0,0,0,0,0,0.0,0,0,0,0,0,0,1,0.7,0.7,0.7,0,154,0,2022,6003,509,455,2113
Godwin Igwebuike,SEA,RB,28,5,0,0,0,0,0,0,3,4,1.33,0,1,1,3,3.0,0,0,0,0,0,0,1,1.7,1.7,1.2,0,155,0,2022,6326,547,415,2044
Devine Ozigbo,DEN,RB,26,4,0,0,0,0,0,0,3,4,1.33,0,1,1,3,3.0,0,0,0,0,0,0,1,1.7,1.7,1.2,0,156,0,2022,5030,484,242,1023
Ty'Son Williams,ARI,RB,26,1,0,0,0,0,0,0,0,0,0.0,0,1,1,5,5.0,0,0,0,0,0,0,1,1.5,1.5,1.0,0,157,0,2022,5536,579,364,1574
Alex Armah,WAS,RB,28,2,0,0,0,0,0,0,0,0,0.0,0,0,0,0,0.0,0,0,0,0,0,0,0,0.0,0.0,0.0,0,163,0,2022,5926,531,538,2143
Brittain Brown,LV,RB,25,6,0,0,0,0,0,0,0,0,0.0,0,0,0,0,0.0,0,0,0,0,0,0,0,0.0,0.0,0.0,0,165,0,2022,6244,558,427,2062
Trenton Cannon,TEN,RB,28,2,0,0,0,0,0,0,0,0,0.0,0,0,0,0,0.0,0,0,0,0,0,0,0,0.0,0.0,0.0,0,166,0,2022,5333,428,482,2106
Rico Dowdle,DAL,RB,24,5,0,0,0,0,0,0,0,0,0.0,0,0,0,0,0.0,0,0,0,0,0,0,0,0.0,0.0,0.0,0,168,0,2022,6209,545,530,2298
Demetric Felton,CLE,RB,24,8,2,0,0,0,0,0,1,-4,-4.0,0,4,2,8,4.0,0,1,0,0,0,0,0,2.4,2.4,1.4,0,158,0,2022,6200,496,532,2490
Jake Funk,2TM,RB,24,6,0,0,0,0,0,0,0,0,0.0,0,0,0,0,0.0,0,0,0,0,0,0,0,0.0,0.0,0.0,0,169,0,2022,6488,741,969,4290
Jordan Howard,NO,RB,28,2,0,0,0,0,0,0,1,1,1.0,0,0,0,0,0.0,0,0,0,0,0,0,0,0.1,0.1,0.1,0,162,0,2022,5873,487,448,1904
Duke Johnson,BUF,RB,29,1,0,0,0,0,0,0,2,4,2.0,0,0,0,0,0.0,0,0,0,0,0,0,0,0.4,0.4,0.4,0,159,0,2022,6435,526,407,2144
John Kelly,CLE,RB,26,1,0,0,0,0,0,0,0,0,0.0,0,0,0,0,0.0,0,0,0,0,0,0,0,0.0,0.0,0.0,0,170,0,2022,6200,496,532,2490
Qadree Ollison,DAL,RB,26,3,0,0,0,0,0,0,0,0,0.0,0,0,0,0,0.0,0,0,0,0,0,0,0,0.0,0.0,0.0,0,171,0,2022,6209,545,530,2298
D'Vonte Price,IND,RB,23,1,0,0,0,0,0,0,0,0,0.0,0,0,0,0,0.0,0,0,0,0,0,0,0,0.0,0.0,0.0,0,172,0,2022,5319,546,345,1465
Antonio Williams,NYG,RB,25,2,0,0,0,0,0,0,0,0,0.0,0,0,0,0,0.0,0,0,0,0,0,0,0,0.0,0.0,0.0,0,174,0,2022,5930,419,516,2499
Damien Williams,ATL,RB,30,1,1,0,0,0,0,0,2,2,1.0,0,0,0,0,0.0,0,0,0,0,0,0,0,0.2,0.2,0.2,0,161,0,2022,5645,400,559,2718
Taiwan Jones,BUF,RB,34,16,0,0,0,0,0,0,0,0,0.0,0,0,0,0,0.0,0,1,1,0,0,0,-2,-2.0,-1.0,-2.0,0,175,0,2022,6435,526,407,2144
Christian McCaffrey,SF,RB,27,16,16,0,0,0,0,0,272,1459,5.36,14,83,67,564,8.42,7,3,2,21,0,0,324,391.3,399.3,357.8,157,1,1,2023,6966,471,499,2389
Raheem Mostert,MIA,RB,31,15,15,0,0,0,0,0,209,1012,4.84,18,32,25,175,7.0,3,4,1,21,0,0,243,267.7,274.7,255.2,80,2,6,2023,6990,542,454,2292
Travis Etienne,JAX,RB,24,17,17,0,0,0,0,0,267,1008,3.78,11,73,58,476,8.21,1,0,0,12,2,0,224,282.4,288.4,253.4,62,3,12,2023,6010,605,453,1646
Kyren Williams,LAR,RB,23,12,11,0,0,0,0,0,228,1144,5.02,12,48,32,206,6.44,3,3,2,15,1,0,223,255.0,263.0,239.0,61,4,13,2023,6312,540,454,2012
Derrick Henry,TEN,RB,29,17,17,2,3,14,2,0,280,1167,4.17,12,36,28,214,7.64,0,0,0,12,0,0,219,246.7,252.7,232.7,57,5,16,2023,5367,477,441,1855
Joe Mixon,CIN,RB,27,17,17,0,0,0,0,0,257,1034,4.02,9,64,52,376,7.23,3,0,0,12,1,0,215,267.0,273.0,241.0,54,6,17,2023,5784,592,383,1527
Breece Hall,NYJ,RB,22,17,16,0,0,0,0,0,223,994,4.46,5,95,76,591,7.78,4,2,0,9,1,0,215,290.5,296.5,252.5,53,7,19,2023,4747,519,311,1392
Rachaad White,TB,RB,24,17,17,0,0,0,0,0,272,990,3.64,6,70,64,549,8.58,3,3,2,9,0,0,204,267.9,275.9,235.9,43,8,24,2023,5553,550,439,1509
David Montgomery,DET,RB,26,14,14,0,0,0,0,0,219,1015,4.63,13,24,16,117,7.31,0,2,1,13,1,0,191,207.2,214.2,199.2,31,9,32,2023,6883,564,498,2308
Jahmyr Gibbs,DET,RB,21,15,3,0,0,0,0,0,182,945,5.19,10,71,52,316,6.08,1,2,1,11,0,0,190,242.1,249.1,216.1,30,10,35,2023,6883,564,498,2308
James Cook,BUF,RB,24,17,13,0,0,0,0,0,237,1122,4.73,2,54,44,445,10.11,4,4,2,6,0,0,189,232.7,240.7,210.7,29,11,37,2023,6518,545,512,2212
Bijan Robinson,ATL,RB,21,17,16,0,0,0,0,0,214,976,4.56,4,86,58,487,8.4,4,4,3,8,0,0,188,246.3,255.3,217.3,29,12,38,2023,5934,480,522,2159
Saquon Barkley,NYG,RB,26,14,14,0,0,0,0,0,247,962,3.89,6,60,41,280,6.83,4,2,2,10,1,0,182,223.2,231.2,202.7,23,13,43,2023,5223,484,453,1872
James Conner,ARI,RB,28,13,13,0,0,0,0,0,208,1040,5.0,7,33,27,165,6.11,2,0,0,9,0,0,175,201.5,207.5,188.0,16,15,52,2023,3782,525,395,1921
Gus Edwards,BAL,RB,28,17,9,0,0,0,0,0,198,810,4.09,13,13,12,180,15.0,0,3,2,13,1,0,175,187.0,195.0,181.0,16,14,53,2023,6542,473,540,2661
Kenneth Walker III,SEA,RB,23,15,15,0,0,0,0,0,219,905,4.13,8,37,29,259,8.93,1,1,0,9,0,0,170,199.4,205.4,184.9,12,16,59,2023,5747,547,382,1580
Isiah Pacheco,KC,RB,24,14,13,0,0,0,0,0,205,935,4.56,7,49,44,244,5.55,2,1,1,9,0,0,170,213.9,220.9,191.9,11,17,61,2023,6153,577,416,1781
Tony Pollard,DAL,RB,26,17,17,0,0,0,0,0,252,1005,3.99,6,67,55,311,5.65,0,3,1,6,1,0,168,222.6,229.6,195.1,9,18,63,2023,6580,605,468,1920
Jerome Ford,CLE,RB,24,17,12,0,0,0,0,0,204,813,3.99,4,63,44,319,7.25,5,1,1,9,1,0,167,211.2,218.2,189.2,9,19,64,2023,6028,579,518,2017
Najee Harris,PIT,RB,25,17,17,0,0,0,0,0,255,1035,4.06,8,38,29,170,5.86,0,2,1,8,0,0,167,195.5,202.5,181.0,8,20,65,2023,5431,483,487,2010
De'Von Achane,MIA,RB,22,11,4,0,0,0,0,0,103,800,7.77,8,37,27,197,7.3,3,1,1,11,0,0,164,190.7,197.7,177.2,5,21,69,2023,6990,542,454,2292
Brian Robinson Jr.,WAS,RB,24,15,15,0,0,0,0,0,178,733,4.12,5,43,36,368,10.22,4,4,2,9,1,0,162,198.1,206.1,180.1,4,22,71,2023,5766,601,358,1592
D'Andre Swift,PHI,RB,24,16,15,0,0,0,0,0,229,1049,4.58,5,49,39,214,5.49,1,3,1,6,0,0,160,199.3,206.3,179.8,2,23,73,2023,6229,525,510,2190
Alvin Kamara,NO,RB,28,13,12,0,0,0,0,0,180,694,3.86,5,86,75,466,6.21,1,0,0,6,3,0,158,233.0,239.0,195.5,0,24,0,2023,5897,573,459,1672
Chuba Hubbard,CAR,RB,24,17,12,0,0,0,0,0,238,902,3.79,5,44,39,233,5.97,0,1,0,5,0,0,144,182.5,188.5,163.0,0,26,0,2023,5018,534,444,1780
Josh Jacobs,LV,RB,25,13,13,0,0,0,0,0,233,805,3.45,6,54,37,296,8.0,0,3,1,6,0,0,144,181.1,188.1,162.6,0,25,0,2023,5208,531,413,1542
Zack Moss,IND,RB,26,14,8,0,0,0,0,0,183,794,4.34,5,37,27,192,7.11,2,0,0,7,1,0,143,169.6,175.6,156.1,0,27,0,2023,5927,540,466,2045
Devin Singletary,HOU,RB,26,17,10,1,1,6,1,0,216,898,4.16,4,38,30,193,6.43,0,1,0,4,0,0,137,167.3,173.3,152.3,0,29,0,2023,6225,554,438,1647
Jonathan Taylor,IND,RB,24,10,7,0,0,0,0,0,169,741,4.38,7,23,19,153,8.05,1,1,0,8,0,0,137,156.4,162.4,146.9,0,28,0,2023,5927,540,466,2045
Jaylen Warren,PIT,RB,25,17,0,0,0,0,0,0,149,784,5.26,4,74,61,370,6.07,0,4,2,4,0,0,135,196.4,204.4,165.9,0,30,0,2023,5431,483,487,2010
Austin Ekeler,LAC,RB,28,14,14,0,0,0,0,0,179,628,3.51,5,74,51,436,8.55,1,5,4,6,0,0,134,185.4,195.4,159.9,0,31,0,2023,5954,614,430,1642
Javonte Williams,DEN,RB,23,16,13,0,0,0,0,0,217,774,3.57,3,58,47,228,4.85,2,1,1,5,2,0,132,179.2,186.2,155.7,0,32,0,2023,5376,477,451,1810
Ezekiel Elliott,NE,RB,28,17,5,0,0,0,0,0,184,642,3.49,3,65,51,313,6.14,2,2,1,5,0,0,124,174.5,181.5,149.0,0,33,0,2023,5019,541,415,1627
Tyler Allgeier,ATL,RB,23,17,3,0,0,0,0,0,186,683,3.67,4,23,18,193,10.72,1,0,0,5,1,0,120,137.6,143.6,128.6,0,34,0,2023,5934,480,522,2159
Rhamondre Stevenson,NE,RB,25,12,12,0,0,0,0,0,156,619,3.97,4,51,38,238,6.26,0,1,1,4,0,0,108,145.7,152.7,126.7,0,35,0,2023,5019,541,415,1627
Aaron Jones,GB,RB,29,11,11,0,0,0,0,0,142,656,4.62,2,43,30,233,7.77,1,2,1,3,0,0,105,134.9,141.9,119.9,0,36,0,2023,6104,561,439,1894
Kareem Hunt,CLE,RB,28,15,2,0,0,0,0,0,135,411,3.04,9,21,15,84,5.6,0,0,0,9,0,0,104,118.5,121.5,111.0,0,37,0,2023,6028,579,518,2017
Alexander Mattison,MIN,RB,25,16,13,0,0,0,0,0,180,700,3.89,0,44,30,192,6.4,3,3,2,3,0,0,103,133.2,141.2,118.2,0,38,0,2023,5057,594,325,1252
Tyjae Spears,TEN,RB,22,17,1,0,0,0,0,0,100,453,4.53,2,70,52,385,7.4,1,1,0,3,0,0,102,153.8,159.8,127.8,0,39,0,2023,5367,477,441,1855
AJ Dillon,GB,RB,25,15,6,0,0,0,0,0,178,613,3.44,2,28,22,223,10.14,0,0,0,2,0,0,96,117.6,123.6,106.6,0,40,0,2023,6104,561,439,1894
Khalil Herbert,CHI,RB,25,12,9,0,0,0,0,0,132,611,4.63,2,31,20,134,6.7,1,1,1,3,1,0,93,112.5,119.5,102.5,0,41,0,2023,5715,451,504,2294
Justice Hill,BAL,RB,26,16,5,0,0,0,0,0,84,387,4.61,3,39,28,206,7.36,1,1,1,4,0,0,81,109.3,116.3,95.3,0,42,0,2023,6542,473,540,2661
Ty Chandler,MIN,RB,25,17,4,0,0,0,0,0,102,461,4.52,3,25,21,159,7.57,0,0,0,3,0,0,80,101.0,107.0,90.5,0,44,0,2023,5057,594,325,1252
D'Onta Foreman,CHI,RB,27,9,8,0,0,0,0,0,109,425,3.9,4,16,11,77,7.0,1,1,0,5,0,0,80,91.2,94.2,85.7,0,43,0,2023,5715,451,504,2294
Antonio Gibson,WAS,RB,25,16,2,0,0,0,0,0,65,265,4.08,1,59,48,389,8.1,2,4,2,3,0,0,79,127.4,135.4,103.4,0,45,0,2023,5766,601,358,1592
Rico Dowdle,DAL,RB,25,16,0,0,0,0,0,0,89,361,4.06,2,22,17,144,8.47,2,0,0,4,0,0,75,91.5,97.5,83.0,0,47,0,2023,6580,605,468,1920
Jaleel McLaughlin,DEN,RB,23,17,3,0,0,0,0,0,76,410,5.39,1,36,31,160,5.16,2,0,0,3,0,0,75,106.0,112.0,90.5,0,46,0,2023,5376,477,451,1810
Zach Charbonnet,SEA,RB,22,16,2,0,0,0,0,0,108,462,4.28,1,40,33,209,6.33,0,0,0,1,0,0,73,106.1,112.1,89.6,0,48,0,2023,5747,547,382,1580
Samaje Perine,DEN,RB,28,17,1,0,0,0,0,0,53,238,4.49,1,56,50,455,9.1,0,3,2,1,0,0,71,121.3,129.3,96.3,0,49,0,2023,5376,477,451,1810
Dameon Pierce,HOU,RB,23,14,7,0,0,0,0,0,145,416,2.87,2,17,13,101,7.77,0,0,0,3,0,0,70,82.7,88.7,76.2,0,50,0,2023,6225,554,438,1647
Roschon Johnson,CHI,RB,22,15,0,0,0,0,0,0,81,352,4.35,2,40,34,209,6.15,0,1,0,2,0,0,68,102.1,108.1,85.1,0,51,0,2023,5715,451,504,2294
Kenneth Gainwell,PHI,RB,24,16,2,1,1,17,0,0,84,364,4.33,2,37,30,183,6.1,0,3,1,2,1,0,67,97.4,104.4,82.4,0,52,0,2023,6229,525,510,2190
Latavius Murray,BUF,RB,33,16,4,0,0,0,0,0,79,300,3.8,4,22,17,119,7.0,0,1,0,4,0,0,66,82.9,88.9,74.4,0,53,0,2023,6518,545,512,2212
Keaton Mitchell,BAL,RB,21,8,2,0,0,0,0,0,47,396,8.43,2,11,9,93,10.33,0,0,0,2,0,0,61,69.9,72.9,65.4,0,54,0,2023,6542,473,540,2661
Miles Sanders,CAR,RB,26,16,5,0,0,0,0,0,129,432,3.35,1,41,27,154,5.7,0,2,2,1,0,0,61,87.6,95.6,74.1,0,55,0,2023,5018,534,444,1780
Jerick McKinnon,KC,RB,31,12,0,1,1,4,1,0,21,60,2.86,1,32,25,192,7.68,4,0,0,5,0,0,59,84.4,87.4,71.9,0,56,0,2023,6153,577,416,1781
Zamir White,LV,RB,24,17,4,0,0,0,0,0,104,451,4.34,1,19,15,98,6.53,0,1,1,1,0,0,59,73.9,77.9,66.4,0,57,0,2023,5208,531,413,1542
Joshua Kelley,LAC,RB,26,17,3,0,0,0,0,0,107,405,3.79,2,12,8,32,4.0,0,1,1,2,0,0,54,61.7,65.7,57.7,0,58,0,2023,5954,614,430,1642
Clyde Edwards-Helaire,KC,RB,24,15,3,0,0,0,0,0,70,223,3.19,1,22,17,188,11.06,1,0,0,2,0,0,53,70.1,76.1,61.6,0,59,0,2023,6153,577,416,1781
Emari Demercado,ARI,RB,24,14,2,0,0,0,0,0,58,284,4.9,2,30,21,119,5.67,0,0,0,2,0,0,52,73.3,79.3,62.8,0,60,0,2023,3782,525,395,1921
Royce Freeman,LAR,RB,27,14,0,0,0,0,0,0,77,319,4.14,2,2,1,13,13.0,0,0,0,2,0,0,45,46.2,49.2,45.7,0,61,0,2023,6312,540,454,2012
Jamaal Williams,NO,RB,28,13,4,0,0,0,0,0,106,306,2.89,1,20,18,62,3.44,0,1,0,1,0,0,43,60.8,63.8,51.8,0,62,0,2023,5897,573,459,1672
Jordan Mason,SF,RB,24,17,0,0,0,0,0,0,40,206,5.15,3,4,3,31,10.33,0,0,0,3,0,0,42,44.7,47.7,43.2,0,63,0,2023,6966,471,499,2389
Elijah Mitchell,SF,RB,25,11,1,0,0,0,0,0,75,281,3.75,2,8,6,14,2.33,0,0,0,2,0,0,42,47.5,50.5,44.5,0,64,0,2023,6966,471,499,2389
Chase Brown,CIN,RB,23,12,0,0,0,0,0,0,44,179,4.07,0,15,14,156,11.14,1,1,0,1,0,0,40,53.5,59.5,46.5,0,65,0,2023,5784,592,383,1527
Pierre Strong,CLE,RB,25,17,1,0,0,0,0,0,63,291,4.62,1,8,5,47,9.4,0,1,1,1,0,0,38,42.8,46.8,40.3,0,66,0,2023,6028,579,518,2017
Cam Akers,2TM,RB,24,7,1,0,0,0,0,0,60,167,2.78,2,12,11,70,6.36,0,0,0,2,0,0,36,46.7,49.7,41.2,0,68,0,2023,3676,207,296,1212
Chris Rodriguez,WAS,RB,23,13,0,0,0,0,0,0,51,247,4.84,2,2,2,12,6.0,0,1,1,2,0,0,36,37.9,41.9,36.9,0,67,0,2023,5766,601,358,1592
Michael Carter,2TM,RB,24,15,0,0,0,0,0,0,30,187,6.23,0,31,24,101,4.21,1,0,0,1,0,0,35,58.8,64.8,46.8,0,69,0,2023,3676,207,296,1212
Darrell Henderson,LAR,RB,26,4,4,0,0,0,0,0,46,112,2.43,2,14,10,103,10.3,0,0,0,2,0,0,34,43.5,49.5,38.5,0,70,0,2023,6312,540,454,2012
Kendre Miller,NO,RB,21,8,0,0,0,0,0,0,41,156,3.8,1,11,10,117,11.7,0,0,0,1,0,0,33,43.3,49.3,38.3,0,71,0,2023,5897,573,459,1672
Matt Breida,NYG,RB,28,17,4,0,0,0,0,0,55,151,2.75,1,21,17,88,5.18,0,1,0,1,0,0,30,46.9,49.9,38.4,0,72,0,2023,5223,484,453,1872
Cordarrelle Patterson,ATL,RB,32,14,0,0,0,0,0,0,50,181,3.62,0,12,9,38,4.22,1,1,0,1,0,0,28,36.9,39.9,32.4,0,73,0,2023,5934,480,522,2159
Salvon Ahmed,MIA,RB,25,8,0,0,0,0,0,0,22,61,2.77,1,23,16,88,5.5,1,0,0,2,0,0,27,42.9,42.9,34.9,0,76,0,2023,6990,542,454,2292
Jeff Wilson,MIA,RB,28,10,0,0,0,0,0,0,41,188,4.59,0,17,14,85,6.07,0,0,0,0,0,0,27,41.3,44.3,34.3,0,75,0,2023,6990,542,454,2292
Chase Edmonds,TB,RB,27,13,0,0,0,0,0,0,49,176,3.59,0,17,14,81,5.79,0,0,0,0,0,0,26,39.7,42.7,32.7,0,77,0,2023,5553,550,439,1509
Dalvin Cook,2TM,RB,28,15,1,0,0,0,0,0,67,214,3.19,0,20,15,78,5.2,0,2,2,0,0,0,25,40.2,45.2,32.7,0,79,0,2023,3676,207,296,1212
D'Ernest Johnson,JAX,RB,27,17,0,0,0,0,0,0,41,108,2.63,0,12,10,140,14.0,0,0,0,0,0,0,25,34.8,40.8,29.8,0,81,0,2023,6010,605,453,1646
Ty Johnson,BUF,RB,26,10,0,0,0,0,0,0,30,132,4.4,0,7,7,62,8.86,1,1,0,1,0,0,25,32.4,35.4,28.9,0,78,0,2023,6518,545,512,2212
Tony Jones,2TM,RB,26,7,1,0,0,0,0,0,26,95,3.65,2,10,7,37,5.29,0,0,0,2,0,0,25,32.2,32.2,28.7,0,80,0,2023,3676,207,296,1212
Craig Reynolds,DET,RB,27,17,0,0,0,0,0,0,41,179,4.37,1,5,5,47,9.4,0,2,2,1,0,0,25,29.6,34.6,27.1,0,82,0,2023,6883,564,498,2308
Darrynton Evans,2TM,RB,25,7,0,0,0,0,0,0,32,121,3.78,1,12,7,49,7.0,0,0,0,1,0,0,23,30.0,33.0,26.5,0,84,0,2023,3676,207,296,1212
Ameer Abdullah,LV,RB,30,17,0,0,0,0,0,0,15,89,5.93,0,24,19,131,6.89,0,0,0,0,0,0,22,41.0,44.0,31.5,0,85,0,2023,5208,531,413,1542
Tank Bigsby,JAX,RB,22,17,0,0,0,0,0,0,50,132,2.64,2,4,1,6,6.0,0,2,2,2,0,0,22,22.8,27.8,22.3,0,86,0,2023,6010,605,453,1646
Nick Chubb,CLE,RB,28,2,2,0,0,0,0,0,28,170,6.07,0,4,4,21,5.25,0,0,0,0,0,0,19,23.1,26.1,21.1,0,87,0,2023,6028,579,518,2017
Patrick Taylor,GB,RB,25,11,0,0,0,0,0,0,32,141,4.41,0,17,11,49,4.45,0,0,0,0,0,0,19,30.0,33.0,24.5,0,88,0,2023,6104,561,439,1894
Kevin Harris,NE,RB,23,4,0,0,0,0,0,0,16,65,4.06,1,3,3,58,19.33,0,0,0,1,0,0,18,21.3,21.3,19.8,0,89,0,2023,5019,541,415,1627
Melvin Gordon,BAL,RB,30,4,0,0,0,0,0,0,26,81,3.12,1,3,3,46,15.33,0,1,1,1,0,0,17,19.7,20.7,18.2,0,92,0,2023,6542,473,540,2661
Damien Harris,BUF,RB,26,6,0,0,0,0,0,0,23,94,4.09,1,2,2,16,8.0,0,0,0,1,0,0,17,19.0,19.0,18.0,0,91,0,2023,6518,545,512,2212
Trey Sermon,IND,RB,24,14,0,0,0,0,0,0,35,160,4.57,0,6,3,13,4.33,0,0,0,0,0,0,17,20.3,23.3,18.8,0,90,0,2023,5927,540,466,2045
Ronnie Rivers,LAR,RB,24,9,1,0,0,0,0,0,32,129,4.03,0,5,5,22,4.4,0,0,0,0,0,0,15,20.1,23.1,17.6,0,93,0,2023,6312,540,454,2012
Isaiah Spiller,LAC,RB,22,9,0,0,0,0,0,0,37,96,2.59,0,6,6,34,5.67,0,0,0,0,0,0,13,19.0,19.0,16.0,0,94,0,2023,5954,614,430,1642
Tyler Goodson,IND,RB,23,6,1,0,0,0,0,0,13,87,6.69,0,9,6,34,5.67,0,0,0,0,0,0,12,18.1,18.1,15.1,0,95,0,2023,5927,540,466,2045
Boston Scott,PHI,RB,28,15,0,0,0,0,0,0,20,86,4.3,0,6,4,52,13.0,0,1,1,0,0,0,12,15.8,16.8,13.8,0,97,0,2023,6229,525,510,2190
Raheem Blackshear,CAR,RB,24,12,0,0,0,0,0,0,14,46,3.29,0,7,6,45,7.5,0,0,0,0,1,0,11,17.1,17.1,14.1,0,99,0,2023,5018,534,444,1780
Brandon Bolden,LV,RB,33,17,0,0,0,0,0,0,4,31,7.75,1,0,0,0,0.0,0,0,0,1,1,0,11,11.1,11.1,11.1,0,100,0,2023,5208,531,413,1542
Chris Brooks,MIA,RB,23,9,0,0,0,0,0,0,19,106,5.58,0,0,0,0,0.0,0,0,0,0,0,0,11,10.6,13.6,10.6,0,103,0,2023,6990,542,454,2292
La'Mical Perine,KC,RB,25,3,1,0,0,0,0,0,22,77,3.5,0,5,3,33,11.0,0,0,0,0,0,0,11,14.0,14.0,12.5,0,101,0,2023,6153,577,416,1781
Emanuel Wilson,GB,RB,24,7,0,0,0,0,0,0,14,85,6.07,0,5,4,23,5.75,0,1,0,0,0,0,11,14.8,14.8,12.8,0,102,0,2023,6104,561,439,1894
J.K. Dobbins,BAL,RB,25,1,1,0,0,0,0,0,8,22,2.75,1,3,2,15,7.5,0,0,0,1,0,0,10,11.7,11.7,10.7,0,105,0,2023,6542,473,540,2661
Keaontay Ingram,ARI,RB,24,8,1,0,0,0,0,0,35,74,2.11,0,4,4,26,6.5,0,0,0,0,0,0,10,14.0,14.0,12.0,0,104,0,2023,3782,525,395,1921
Hunter Luepke,DAL,RB,23,17,0,0,0,0,0,0,6,19,3.17,1,4,3,18,6.0,0,0,0,1,0,0,10,12.7,12.7,11.2,0,106,0,2023,6580,605,468,1920
Israel Abanikanda,NYJ,RB,21,6,0,0,0,0,0,0,22,70,3.18,0,11,7,43,6.14,0,1,1,0,0,0,9,16.3,17.3,12.8,0,107,0,2023,4747,519,311,1392
Dare Ogunbowale,HOU,RB,29,12,0,0,0,0,0,0,8,35,4.38,0,7,2,18,9.0,0,0,0,0,0,0,8,10.3,10.3,9.3,0,109,0,2023,6225,554,438,1647
Deuce Vaughn,DAL,RB,22,7,0,0,0,0,0,0,23,40,1.74,0,7,7,40,5.71,0,0,0,0,0,0,8,15.0,15.0,11.5,0,110,0,2023,6580,605,468,1920
Trayveon Williams,CIN,RB,26,17,0,0,0,0,0,0,15,69,4.6,0,9,7,10,1.43,0,0,0,0,0,0,8,14.9,14.9,11.4,0,111,0,2023,5784,592,383,1527
Gary Brightwell,NYG,RB,24,7,0,0,0,0,0,0,9,19,2.11,0,7,5,47,9.4,0,0,0,0,0,0,7,11.6,11.6,9.1,0,113,0,2023,5223,484,453,1872
Eric Gray,NYG,RB,24,13,0,0,0,0,0,0,17,48,2.82,0,7,6,22,3.67,0,3,0,0,0,0,7,13.0,13.0,10.0,0,112,0,2023,5223,484,453,1872
Damien Williams,ARI,RB,31,3,0,0,0,0,0,0,11,43,3.91,0,2,2,12,6.0,0,0,0,0,0,0,6,7.5,7.5,6.5,0,114,0,2023,3782,525,395,1921
Leonard Fournette,BUF,RB,28,2,0,0,0,0,0,0,12,40,3.33,0,0,0,0,0.0,0,0,0,0,0,0,4,4.0,4.0,4.0,0,116,0,2023,6518,545,512,2212
Rashaad Penny,PHI,RB,27,3,0,0,0,0,0,0,11,33,3.0,0,1,1,5,5.0,0,0,0,0,0,0,4,4.8,4.8,4.3,0,117,0,2023,6229,525,510,2190
Ke'Shawn Vaughn,TB,RB,26,6,0,0,0,0,0,0,24,42,1.75,0,5,2,2,1.0,0,0,0,0,0,0,4,6.4,6.4,5.4,0,115,0,2023,5553,550,439,1509
Derrick Gore,WAS,RB,29,6,0,0,0,0,0,0,3,26,8.67,0,0,0,0,0.0,0,0,0,0,0,0,3,2.6,2.6,2.6,0,123,0,2023,5766,601,358,1592
Sean Tucker,TB,RB,22,11,0,0,0,0,0,0,15,23,1.53,0,2,2,9,4.5,0,0,0,0,0,0,3,5.2,5.2,4.2,0,121,0,2023,5553,550,439,1509
DeeJay Dallas,SEA,RB,25,17,0,0,0,0,0,0,10,36,3.6,0,9,6,26,4.33,0,2,2,0,0,0,2,8.2,10.2,5.2,0,124,0,2023,5747,547,382,1580
Tyrion Davis-Price,SF,RB,23,1,0,0,0,0,0,0,6,21,3.5,0,0,0,0,0.0,0,0,0,0,0,0,2,2.1,2.1,2.1,0,126,0,2023,6966,471,499,2389
Elijah Dotson,LAC,RB,24,4,0,0,0,0,0,0,4,6,1.5,0,2,2,13,6.5,0,0,0,0,0,0,2,3.9,3.9,2.9,0,128,0,2023,5954,614,430,1642
Zach Evans,LAR,RB,22,10,0,0,0,0,0,0,9,19,2.11,0,0,0,0,0.0,0,0,0,0,0,0,2,1.9,1.9,1.9,0,129,0,2023,6312,540,454,2012
Jake Funk,IND,RB,25,4,0,0,0,0,0,0,2,10,5.0,0,1,1,12,12.0,0,0,0,0,0,0,2,3.2,3.2,2.7,0,125,0,2023,5927,540,466,2045
Zonovan Knight,DET,RB,22,2,0,0,0,0,0,0,3,13,4.33,0,1,1,8,8.0,0,0,0,0,0,0,2,3.1,3.1,2.6,0,127,0,2023,6883,564,498,2308
Alex Armah,WAS,RB,29,8,0,0,0,0,0,0,0,0,0.0,0,3,3,13,4.33,0,0,0,0,0,0,1,4.3,4.3,2.8,0,130,0,2023,5766,601,358,1592
Jashaun Corbin,NYG,RB,23,6,0,0,0,0,0,0,1,1,1.0,0,3,3,12,4.0,0,0,0,0,0,0,1,4.3,4.3,2.8,0,131,0,2023,5223,484,453,1872
Kenyan Drake,2TM,RB,29,3,0,0,0,0,0,0,2,0,0.0,0,3,2,31,15.5,0,1,1,0,0,0,1,3.1,4.1,2.1,0,135,0,2023,3676,207,296,1212
Chris Evans,CIN,RB,26,8,0,0,0,0,0,0,2,12,6.0,0,1,1,-1,-1.0,0,0,0,0,0,0,1,2.1,2.1,1.6,0,136,0,2023,5784,592,383,1527
Evan Hull,IND,RB,23,1,0,0,0,0,0,0,1,1,1.0,0,1,1,6,6.0,0,0,0,0,0,0,1,1.7,1.7,1.2,0,139,0,2023,5927,540,466,2045
Anthony McFarland Jr.,PIT,RB,25,3,0,0,0,0,0,0,0,0,0.0,0,2,2,11,5.5,0,0,0,0,0,0,1,3.1,3.1,2.1,0,137,0,2023,5431,483,487,2010
Kene Nwangwu,MIN,RB,25,9,0,0,0,0,0,0,5,13,2.6,0,0,0,0,0.0,0,0,0,0,0,0,1,1.3,1.3,1.3,0,132,0,2023,5057,594,325,1252
Devine Ozigbo,DET,RB,27,3,0,0,0,0,0,0,3,5,1.67,0,1,1,8,8.0,0,0,0,0,0,0,1,2.3,2.3,1.8,0,133,0,2023,6883,564,498,2308
Jonathan Ward,TEN,RB,26,7,0,0,0,0,0,0,3,11,3.67,0,0,0,0,0.0,0,0,0,0,0,0,1,1.1,1.1,1.1,0,138,0,2023,5367,477,441,1855
Julius Chestnut,TEN,RB,23,3,0,0,0,0,0,0,0,0,0.0,0,0,0,0,0.0,0,0,0,0,0,0,0,0.0,0.0,0.0,0,145,0,2023,5367,477,441,1855
Corey Clement,ARI,RB,29,3,0,0,0,0,0,0,0,0,0.0,0,0,0,0,0.0,0,0,0,0,0,0,0,0.0,0.0,0.0,0,146,0,2023,3782,525,395,1921
Malik Davis,DAL,RB,25,3,0,0,0,0,0,0,0,0,0.0,0,0,0,0,0.0,0,0,0,0,0,0,0,0.0,0.0,0.0,0,147,0,2023,6580,605,468,1920
Myles Gaskin,2TM,RB,26,3,0,0,0,0,0,0,0,0,0.0,0,0,0,0,0.0,0,0,0,0,0,0,0,0.0,0.0,0.0,0,148,0,2023,3676,207,296,1212
Jamycal Hasty,2TM,RB,27,5,0,0,0,0,0,0,0,0,0.0,0,2,0,0,0.0,0,0,0,0,0,0,0,0.0,0.0,0.0,0,149,0,2023,3676,207,296,1212
Travis Homer,CHI,RB,25,16,0,0,0,0,0,0,0,0,0.0,0,1,0,0,0.0,0,0,0,0,0,0,0,0.0,0.0,0.0,0,150,0,2023,5715,451,504,2294
Mohamed Ibrahim,DET,RB,25,1,0,0,0,0,0,0,0,0,0.0,0,0,0,0,0.0,0,0,0,0,0,0,0,0.0,0.0,0.0,0,151,0,2023,6883,564,498,2308
Godwin Igwebuike,2TM,RB,29,12,0,0,0,0,0,0,0,0,0.0,0,0,0,0,0.0,0,0,0,0,0,0,0,0.0,0.0,0.0,0,152,0,2023,3676,207,296,1212
Kenny McIntosh,SEA,RB,23,3,0,0,0,0,0,0,0,0,0.0,0,0,0,0,0.0,0,0,0,0,0,0,0,0.0,0.0,0.0,0,154,0,2023,5747,547,382,1580
Jeremy McNichols,SF,RB,28,3,0,0,0,0,0,0,0,0,0.0,0,0,0,0,0.0,0,0,0,0,0,0,0,0.0,0.0,0.0,0,155,0,2023,6966,471,499,2389
Jordan Mims,NO,RB,24,2,0,0,0,0,0,0,0,0,0.0,0,2,0,0,0.0,0,0,0,0,0,0,0,0.0,0.0,0.0,0,156,0,2023,5897,573,459,1672
Qadree Ollison,PIT,RB,27,2,0,0,0,0,0,0,0,0,0.0,0,0,0,0,0.0,0,0,0,0,0,0,0,0.0,0.0,0.0,0,157,0,2023,5431,483,487,2010
Deneric Prince,KC,RB,23,2,0,0,0,0,0,0,0,0,0.0,0,0,0,0,0.0,0,0,0,0,0,0,0,0.0,0.0,0.0,0,159,0,2023,6153,577,416,1781
James Robinson,GB,RB,25,1,0,0,0,0,0,0,1,2,2.0,0,1,1,-2,-2.0,0,0,0,0,0,0,0,1.0,1.0,0.5,0,160,0,2023,6104,561,439,1894
SaRodorick Thompson,SEA,RB,24,1,0,0,0,0,0,0,0,0,0.0,0,0,0,0,0.0,0,0,0,0,0,0,0,0.0,0.0,0.0,0,161,0,2023,5747,547,382,1580
Xazavian Valladay,NYJ,RB,25,1,0,0,0,0,0,0,0,0,0.0,0,0,0,0,0.0,0,0,0,0,0,0,0,0.0,0.0,0.0,0,162,0,2023,4747,519,311,1392
Dwayne Washington,DEN,RB,29,13,0,0,0,0,0,0,0,0,0.0,0,0,0,0,0.0,0,0,0,0,0,0,0,0.0,0.0,0.0,0,163,0,2023,5376,477,451,1810
Jonathan Williams,WAS,RB,29,1,0,0,0,0,0,0,1,-2,-2.0,0,1,0,0,0.0,0,0,0,0,0,0,0,-0.2,-0.2,-0.2,0,165,0,2023,5766,601,358,1592
Owen Wright,BAL,RB,24,1,0,0,0,0,0,0,0,0,0.0,0,0,0,0,0.0,0,0,0,0,0,0,0,0.0,0.0,0.0,0,164,0,2023,6542,473,540,2661
Deon Jackson,3TM,RB,24,4,1,0,0,0,0,0,14,16,1.14,0,6,5,14,2.8,0,2,2,0,0,0,-1,4.0,6.0,1.5,0,166,0,2023,16,6,14,16
Saquon Barkley,PHI,RB,27,16,16,0,0,0,0,0,345,2005,5.81,13,43,33,278,8.42,2,2,1,15,3,0,322,355.3,362.3,338.8,163,1,1,2024,6565,414,621,3048
Derrick Henry,BAL,RB,30,17,17,0,0,0,0,0,325,1921,5.91,16,22,19,193,10.16,2,3,1,18,0,0,317,336.4,343.4,326.9,159,2,2,2024,7378,452,554,3189
Jahmyr Gibbs,DET,RB,22,17,4,0,0,0,0,0,250,1412,5.65,16,63,52,517,9.94,4,1,1,20,0,0,311,362.9,369.9,336.9,153,3,3,2024,7188,517,533,2487
Bijan Robinson,ATL,RB,22,17,17,0,0,0,0,0,304,1456,4.79,14,72,61,431,7.07,1,1,0,15,1,0,281,341.7,347.7,311.2,124,4,6,2024,6502,539,495,2219
Josh Jacobs,GB,RB,26,17,17,0,0,0,0,0,301,1329,4.42,15,43,36,342,9.5,1,4,3,16,0,0,257,293.1,302.1,275.1,102,5,7,2024,6435,463,526,2496
Kyren Williams,LAR,RB,24,16,16,0,0,0,0,0,316,1299,4.11,14,40,34,182,5.35,2,5,3,16,0,0,238,272.1,281.1,255.1,84,6,10,2024,5861,541,450,1765
James Cook,BUF,RB,25,16,16,0,0,0,0,0,207,1009,4.87,16,38,32,258,8.06,2,1,0,18,0,0,235,266.7,272.7,250.7,81,7,11,2024,6168,454,491,2230
Jonathan Taylor,IND,RB,25,14,13,0,0,0,0,0,303,1431,4.72,11,31,18,136,7.56,1,4,1,12,0,0,227,244.7,251.7,235.7,74,8,14,2024,5930,492,496,2331
De'Von Achane,MIA,RB,23,17,16,0,0,0,0,0,203,907,4.47,6,87,78,592,7.59,6,1,0,12,0,0,222,299.9,305.9,260.9,69,9,17,2024,5668,568,445,1785
James Conner,ARI,RB,29,16,16,0,0,0,0,0,236,1094,4.64,8,55,47,414,8.81,1,4,1,9,2,0,207,253.8,260.8,230.3,55,10,21,2024,6310,523,463,2451
Joe Mixon,HOU,RB,28,14,14,0,1,0,0,0,245,1016,4.15,11,52,36,309,8.58,1,0,0,12,0,0,205,240.5,246.5,222.5,53,11,22,2024,5714,535,393,1762
Chase Brown,CIN,RB,24,16,10,0,0,0,0,0,229,990,4.32,7,65,54,360,6.67,4,2,1,11,1,0,201,255.0,262.0,228.0,49,12,25,2024,6378,618,352,1460
Chuba Hubbard,CAR,RB,25,15,15,0,0,0,0,0,250,1195,4.78,10,54,43,171,3.98,1,4,3,11,1,0,199,241.6,250.6,220.1,47,13,27,2024,5278,433,405,1867
Bucky Irving,TB,RB,22,17,3,0,0,0,0,0,207,1122,5.42,8,52,47,392,8.34,0,2,1,8,0,0,197,244.4,251.4,220.9,46,14,30,2024,7043,563,482,2538
Alvin Kamara,NO,RB,29,14,14,0,0,0,0,0,228,950,4.17,6,89,68,543,7.99,2,1,0,8,0,0,197,265.3,271.3,231.3,46,15,31,2024,5669,482,442,1939
Aaron Jones,MIN,RB,30,17,17,0,0,0,0,0,255,1138,4.46,5,62,51,408,8.0,2,5,3,7,0,0,191,241.6,250.6,216.1,40,16,32,2024,5937,506,393,1558
David Montgomery,DET,RB,27,14,14,1,1,3,1,0,185,775,4.19,12,38,36,341,9.47,0,2,1,12,0,0,186,221.7,228.7,203.7,35,17,34,2024,7188,517,533,2487
Breece Hall,NYJ,RB,23,16,16,0,0,0,0,0,209,876,4.19,5,76,57,483,8.47,3,6,2,8,2,0,184,240.9,248.9,212.4,33,18,36,2024,5556,454,362,1540
D'Andre Swift,CHI,RB,25,17,17,0,0,0,0,0,253,959,3.79,6,52,42,386,9.19,0,2,0,6,1,0,173,214.5,220.5,193.5,22,19,49,2024,5259,524,421,1707
Najee Harris,PIT,RB,26,17,17,0,0,0,0,0,263,1043,3.97,6,48,36,283,7.86,0,0,0,6,0,0,169,204.6,210.6,186.6,19,20,53,2024,5773,446,533,2166
J.K. Dobbins,LAC,RB,26,13,11,0,0,0,0,0,195,905,4.64,9,38,32,153,4.78,0,0,0,9,0,0,160,191.8,197.8,175.8,11,21,62,2024,5780,486,462,1882
Tony Pollard,TEN,RB,27,16,16,0,0,0,0,0,260,1079,4.15,5,57,41,238,5.8,0,2,2,5,1,0,160,200.7,208.7,180.2,10,22,63,2024,5476,485,450,1855
Rico Dowdle,DAL,RB,26,16,15,0,0,0,0,0,235,1079,4.59,2,49,39,249,6.38,3,3,2,5,0,0,159,197.8,205.8,178.3,10,23,64,2024,5793,603,429,1705
Rachaad White,TB,RB,25,16,15,0,0,0,0,0,144,613,4.26,3,57,51,393,7.71,6,3,3,9,0,0,149,199.6,208.6,174.1,0,24,0,2024,7043,563,482,2538
Zach Charbonnet,SEA,RB,23,17,6,0,0,0,0,0,135,569,4.21,8,52,42,340,8.1,1,0,0,9,0,0,145,186.9,192.9,165.9,0,25,0,2024,6003,564,381,1624
Tyrone Tracy Jr.,NYG,RB,25,17,12,0,0,0,0,0,192,839,4.37,5,53,38,284,7.47,1,5,2,6,0,0,144,182.3,190.3,163.3,0,26,0,2024,5172,554,422,1774
Rhamondre Stevenson,NE,RB,26,15,14,0,0,0,0,0,207,801,3.87,7,41,33,168,5.09,1,7,3,8,2,0,143,175.9,184.9,159.4,0,27,0,2024,5305,480,444,1962
Brian Robinson Jr.,WAS,RB,25,14,13,0,0,0,0,0,187,799,4.27,8,25,20,159,7.95,0,2,2,8,0,0,140,159.8,167.8,149.8,0,28,0,2024,6551,503,526,2619
Kenneth Walker III,SEA,RB,24,11,11,0,0,0,0,0,153,573,3.75,7,53,46,299,6.5,1,1,0,8,0,0,135,181.2,187.2,158.2,0,29,0,2024,6003,564,381,1624
Kareem Hunt,KC,RB,29,13,8,0,0,0,0,0,200,728,3.64,7,32,23,176,7.65,0,0,0,7,0,0,132,155.4,161.4,143.9,0,30,0,2024,5835,511,449,1789
Tank Bigsby,JAX,RB,23,16,1,0,0,0,0,0,168,766,4.56,7,12,7,54,7.71,0,4,1,7,0,0,122,129.0,133.0,125.5,0,31,0,2024,5446,517,414,1729
Javonte Williams,DEN,RB,24,17,11,0,0,0,0,0,139,513,3.69,4,70,52,346,6.65,0,2,2,4,0,0,106,157.9,165.9,131.9,0,32,0,2024,5713,518,461,1908
Jordan Mason,SF,RB,25,12,6,0,0,0,0,0,153,789,5.16,3,14,11,91,8.27,0,3,1,3,0,0,104,115.0,119.0,109.5,0,33,0,2024,6587,513,457,2163
Alexander Mattison,LV,RB,26,14,7,0,0,0,0,0,132,420,3.18,4,48,36,294,8.17,1,1,1,5,1,0,101,137.4,144.4,119.4,0,34,0,2024,5428,562,375,1345
Ray Davis,BUF,RB,25,17,0,0,0,0,0,0,113,442,3.91,3,19,17,189,11.12,3,0,0,6,0,0,99,116.1,122.1,107.6,0,35,0,2024,6168,454,491,2230
Austin Ekeler,WAS,RB,29,12,6,0,0,0,0,0,77,367,4.77,4,41,35,366,10.46,0,3,0,4,0,0,97,132.3,138.3,114.8,0,36,0,2024,6551,503,526,2619
Jerome Ford,CLE,RB,25,14,6,0,0,0,0,0,104,565,5.43,3,43,37,225,6.08,0,0,0,3,0,0,97,134.0,140.0,115.5,0,37,0,2024,5487,579,391,1608
Tyler Allgeier,ATL,RB,24,17,0,0,0,0,0,0,137,644,4.7,3,13,13,88,6.77,0,0,0,3,1,0,93,106.2,109.2,99.7,0,38,0,2024,6502,539,495,2219
Travis Etienne,JAX,RB,25,15,15,0,0,0,0,0,150,558,3.72,2,52,39,254,6.51,0,1,1,2,0,0,91,130.2,137.2,110.7,0,39,0,2024,5446,517,414,1729
Jaylen Warren,PIT,RB,26,15,0,0,0,0,0,0,120,511,4.26,1,47,38,310,8.16,0,2,1,1,0,0,86,124.1,131.1,105.1,0,40,0,2024,5773,446,533,2166
Ameer Abdullah,LV,RB,31,16,3,0,0,0,0,0,66,311,4.71,2,47,40,261,6.53,3,2,1,5,0,0,85,125.2,132.2,105.2,0,41,0,2024,5428,562,375,1345
Justice Hill,BAL,RB,27,15,0,0,0,0,0,0,47,228,4.85,1,51,42,383,9.12,3,0,0,4,0,0,85,127.1,133.1,106.1,0,42,0,2024,7378,452,554,3189
Emanuel Wilson,GB,RB,25,17,0,0,0,0,0,0,103,502,4.87,4,14,11,48,4.36,1,0,0,5,0,0,85,96.0,99.0,90.5,0,43,0,2024,6435,463,526,2496
Tyjae Spears,TEN,RB,23,12,1,0,0,0,0,0,84,312,3.71,4,35,30,224,7.47,1,1,0,5,0,0,84,113.6,119.6,98.6,0,44,0,2024,5476,485,450,1855
Antonio Gibson,NE,RB,26,17,3,0,0,0,0,0,120,538,4.48,1,29,23,206,8.96,0,2,0,1,0,0,80,103.4,109.4,91.9,0,45,0,2024,5305,480,444,1962
Cam Akers,2TM,RB,25,17,2,0,0,0,0,0,104,444,4.27,2,18,14,68,4.86,3,1,1,5,0,0,79,93.2,97.2,86.2,0,46,0,2024,892,527,156,616
Isaac Guerendo,SF,RB,24,16,3,0,0,0,0,0,84,420,5.0,4,16,15,152,10.13,0,3,1,4,0,0,79,94.2,101.2,86.7,0,47,0,2024,6587,513,457,2163
Devin Singletary,NYG,RB,27,15,5,0,0,0,0,0,113,437,3.87,4,24,21,119,5.67,0,2,2,4,0,0,76,96.6,104.6,86.1,0,48,0,2024,5172,554,422,1774
Ty Johnson,BUF,RB,27,17,1,0,0,0,0,0,41,213,5.2,1,25,18,284,15.78,3,0,0,4,0,0,74,91.7,97.7,82.7,0,49,0,2024,6168,454,491,2230
Jaleel McLaughlin,DEN,RB,24,16,5,0,0,0,0,0,113,496,4.39,1,27,24,76,3.17,2,1,1,3,0,0,73,97.2,101.2,85.2,0,50,0,2024,5713,518,461,1908
Braelon Allen,NYJ,RB,20,17,2,0,0,0,0,0,92,334,3.63,2,27,19,148,7.79,1,0,0,3,0,0,66,85.2,91.2,75.7,0,51,0,2024,5556,454,362,1540
Gus Edwards,LAC,RB,29,11,6,0,0,0,0,0,101,365,3.61,4,5,3,6,2.0,0,0,0,4,0,0,61,64.1,67.1,62.6,0,53,0,2024,5780,486,462,1882
Roschon Johnson,CHI,RB,23,14,0,0,0,0,0,0,55,150,2.73,6,20,16,104,6.5,0,0,0,6,0,0,61,77.4,83.4,69.4,0,52,0,2024,5259,524,421,1707
Sean Tucker,TB,RB,23,17,0,0,0,0,0,0,50,308,6.16,2,12,9,109,12.11,1,1,0,3,0,0,60,68.7,74.7,64.2,0,54,0,2024,7043,563,482,2538
Zack Moss,CIN,RB,27,8,6,0,0,0,0,0,74,242,3.27,2,27,23,187,8.13,1,2,1,3,0,0,59,81.9,88.9,70.4,0,55,0,2024,6378,618,352,1460
Nick Chubb,CLE,RB,29,8,8,0,0,0,0,0,102,332,3.25,3,11,5,31,6.2,1,1,1,4,0,0,58,63.3,67.3,60.8,0,56,0,2024,5487,579,391,1608
Jeremy McNichols,WAS,RB,29,17,1,0,0,0,0,0,55,261,4.75,4,12,9,27,3.0,0,0,0,4,1,0,55,63.8,66.8,59.3,0,57,0,2024,6551,503,526,2619
Samaje Perine,KC,RB,29,17,0,0,0,0,0,0,20,92,4.6,1,35,28,322,11.5,1,0,0,2,0,0,53,81.4,84.4,67.4,0,58,0,2024,5835,511,449,1789
Miles Sanders,CAR,RB,27,11,2,0,0,0,0,0,55,205,3.73,2,30,24,148,6.17,1,1,0,3,0,0,53,77.3,83.3,65.3,0,59,0,2024,5278,433,405,1867
Raheem Mostert,MIA,RB,32,13,1,0,0,0,0,0,85,278,3.27,2,23,19,161,8.47,0,2,2,2,0,0,52,70.9,78.9,61.4,0,60,0,2024,5668,568,445,1785
Kenneth Gainwell,PHI,RB,25,17,1,0,0,0,0,0,75,290,3.87,1,22,16,116,7.25,0,0,0,1,0,0,47,62.6,68.6,54.6,0,61,0,2024,6565,414,621,3048
Ezekiel Elliott,DAL,RB,29,15,2,0,0,0,0,0,74,226,3.05,3,15,12,69,5.75,0,1,1,3,0,0,46,57.5,61.5,51.5,0,62,0,2024,5793,603,429,1705
Isiah Pacheco,KC,RB,25,7,6,0,0,0,0,0,83,310,3.73,1,16,12,79,6.58,0,0,0,1,0,0,45,56.9,59.9,50.9,0,63,0,2024,5835,511,449,1789
Audric Estime,DEN,RB,21,13,1,0,0,0,0,0,76,310,4.08,2,5,5,27,5.4,0,2,1,2,0,0,44,48.7,52.7,46.2,0,64,0,2024,5713,518,461,1908
Dameon Pierce,HOU,RB,24,11,0,0,0,0,0,0,40,293,7.33,2,4,2,2,1.0,0,1,0,2,0,0,42,43.5,46.5,42.5,0,65,0,2024,5714,535,393,1762
Trey Benson,ARI,RB,21,13,1,0,0,0,0,0,63,291,4.62,1,6,6,59,9.83,0,1,0,1,0,0,41,47.0,50.0,44.0,0,66,0,2024,6310,523,463,2451
Emari Demercado,ARI,RB,25,13,0,0,0,0,0,0,24,223,9.29,1,20,16,104,6.5,0,0,0,1,0,0,39,54.7,60.7,46.7,0,67,0,2024,6310,523,463,2451
Trey Sermon,IND,RB,25,17,3,0,0,0,0,0,56,159,2.84,2,19,16,99,6.19,0,0,0,2,0,0,38,53.8,56.8,45.8,0,69,0,2024,5930,492,496,2331
Isaiah Davis,NYJ,RB,22,17,0,0,0,0,0,0,30,174,5.8,1,12,9,75,8.33,1,0,0,2,0,0,37,45.9,48.9,41.4,0,71,0,2024,5556,454,362,1540
Dare Ogunbowale,HOU,RB,30,17,1,0,0,0,0,0,30,112,3.73,0,28,19,198,10.42,1,0,0,1,0,0,37,56.0,62.0,46.5,0,70,0,2024,5714,535,393,1762
Tyler Goodson,IND,RB,24,16,0,0,0,0,0,0,32,153,4.78,1,15,11,61,5.55,1,0,0,2,0,0,33,44.4,47.4,38.9,0,72,0,2024,5930,492,496,2331
Christian McCaffrey,SF,RB,28,4,4,0,0,0,0,0,50,202,4.04,0,19,15,146,9.73,0,1,1,0,0,0,33,47.8,54.8,40.3,0,73,0,2024,6587,513,457,2163
Chris Brooks,GB,RB,24,15,0,0,0,0,0,0,36,183,5.08,1,13,11,69,6.27,0,0,0,1,0,0,31,42.2,45.2,36.7,0,74,0,2024,6435,463,526,2496
Chris Rodriguez,WAS,RB,24,9,0,0,0,0,0,0,35,173,4.94,2,1,1,12,12.0,0,0,0,2,0,0,31,31.5,34.5,31.0,0,75,0,2024,6551,503,526,2619
Hassan Haskins,LAC,RB,25,17,0,0,0,0,0,0,34,89,2.62,2,3,3,49,16.33,1,1,1,3,0,0,30,32.8,33.8,31.3,0,76,0,2024,5780,486,462,1882
Kimani Vidal,LAC,RB,23,10,0,0,0,0,0,0,43,155,3.6,0,9,5,62,12.4,1,1,0,1,0,0,28,32.7,35.7,30.2,0,78,0,2024,5780,486,462,1882
Jamaal Williams,NO,RB,29,14,1,0,0,0,0,0,48,164,3.42,1,11,9,57,6.33,0,0,0,1,0,0,28,37.1,40.1,32.6,0,77,0,2024,5669,482,442,1939
Blake Corum,LAR,RB,24,17,1,0,0,0,0,0,58,207,3.57,0,8,7,58,8.29,0,0,0,0,0,0,27,33.5,36.5,30.0,0,81,0,2024,5861,541,450,1765
D'Onta Foreman,CLE,RB,28,11,3,0,0,0,0,0,71,232,3.27,0,8,6,54,9.0,0,2,1,0,0,0,27,32.6,36.6,29.6,0,80,0,2024,5487,579,391,1608
Patrick Taylor,SF,RB,26,13,1,0,0,0,0,0,39,183,4.69,1,11,3,25,8.33,0,0,0,1,0,0,27,29.8,32.8,28.3,0,79,0,2024,6587,513,457,2163
Cordarrelle Patterson,PIT,RB,33,13,1,0,0,0,0,0,32,135,4.22,0,14,12,80,6.67,1,1,1,1,0,0,26,37.5,41.5,31.5,0,82,0,2024,5773,446,533,2166
Michael Carter,ARI,RB,25,3,1,0,0,0,0,0,35,131,3.74,1,11,11,57,5.18,0,0,0,1,0,0,25,35.8,38.8,30.3,0,83,0,2024,6310,523,463,2451
D'Ernest Johnson,JAX,RB,28,14,1,0,0,0,0,0,32,143,4.47,0,19,12,96,8.0,0,0,0,0,0,0,24,35.9,38.9,29.9,0,85,0,2024,5446,517,414,1729
Kendre Miller,NO,RB,22,6,2,0,0,0,0,0,39,148,3.79,1,8,5,33,6.6,0,0,0,1,0,0,24,29.1,32.1,26.6,0,84,0,2024,5669,482,442,1939
Jaylen Wright,MIA,RB,21,15,1,0,0,0,0,0,68,249,3.66,0,6,3,8,2.67,0,1,1,0,0,0,24,26.7,30.7,25.2,0,86,0,2024,5668,568,445,1785
Zamir White,LV,RB,25,8,5,0,0,0,0,0,65,183,2.82,1,8,6,30,5.0,0,2,2,1,0,0,23,29.3,34.3,26.3,0,87,0,2024,5428,562,375,1345
Ty Chandler,MIN,RB,26,17,0,0,0,0,0,0,56,182,3.25,0,6,6,42,7.0,0,0,0,0,0,0,22,28.4,31.4,25.4,0,88,0,2024,5937,506,393,1558
Khalil Herbert,2TM,RB,26,14,1,0,0,0,0,0,36,130,3.61,1,11,10,25,2.5,0,1,0,1,0,0,22,31.5,34.5,26.5,0,89,0,2024,892,527,156,616
Sincere McCormick,LV,RB,24,5,2,0,0,0,0,0,39,183,4.69,0,7,6,29,4.83,0,0,0,0,0,0,21,27.2,30.2,24.2,0,90,0,2024,5428,562,375,1345
Pierre Strong,CLE,RB,26,14,0,0,0,0,0,0,26,108,4.15,0,22,14,104,7.43,0,0,0,0,0,0,21,35.2,41.2,28.2,0,91,0,2024,5487,579,391,1608
Jamycal Hasty,NE,RB,28,15,0,0,0,0,0,0,20,69,3.45,0,12,10,59,5.9,1,0,0,1,0,0,19,28.8,28.8,23.8,0,94,0,2024,5305,480,444,1962
Kenny McIntosh,SEA,RB,24,17,0,0,0,0,0,0,31,172,5.55,0,4,3,22,7.33,0,0,0,0,0,0,19,22.4,25.4,20.9,0,92,0,2024,6003,564,381,1624
DeeJay Dallas,ARI,RB,26,17,0,0,0,0,0,0,9,49,5.44,0,3,3,11,3.67,1,1,0,2,0,0,18,21.0,21.0,19.5,0,95,0,2024,6310,523,463,2451
Craig Reynolds,DET,RB,28,17,0,0,0,0,0,0,31,139,4.48,0,5,3,40,13.33,0,1,0,0,0,0,18,20.9,23.9,19.4,0,96,0,2024,7188,517,533,2487
Carson Steele,KC,RB,22,17,3,0,0,0,0,0,56,183,3.27,0,11,7,26,3.71,0,3,2,0,0,0,17,23.9,28.9,20.4,0,97,0,2024,5835,511,449,1789
Hunter Luepke,DAL,RB,24,16,4,0,0,0,0,0,12,38,3.17,0,16,12,111,9.25,0,0,0,0,0,0,15,26.9,29.9,20.9,0,99,0,2024,5793,603,429,1705
Jordan Mims,NO,RB,25,11,0,0,0,0,0,0,20,70,3.5,0,18,12,71,5.92,0,0,0,0,0,0,14,26.1,26.1,20.1,0,101,0,2024,5669,482,442,1939
Ronnie Rivers,LAR,RB,25,17,0,0,0,0,0,0,22,99,4.5,0,6,5,34,6.8,0,0,0,0,0,0,13,18.3,18.3,15.8,0,102,0,2024,5861,541,450,1765
Tony Jones,ARI,RB,27,1,0,0,0,0,0,0,4,55,13.75,1,0,0,0,0.0,0,0,0,1,0,0,12,11.5,11.5,11.5,0,104,0,2024,6310,523,463,2451
Will Shipley,PHI,RB,22,16,1,0,0,0,0,0,30,82,2.73,0,4,4,35,8.75,0,0,0,0,0,0,12,15.7,15.7,13.7,0,103,0,2024,6565,414,621,3048
Julius Chestnut,TEN,RB,24,17,0,0,0,0,0,0,22,102,4.64,0,3,2,11,5.5,0,0,0,0,0,0,11,13.3,16.3,12.3,0,105,0,2024,5476,485,450,1855
Deuce Vaughn,DAL,RB,23,7,0,0,0,0,0,0,17,70,4.12,0,5,3,18,6.0,0,0,0,0,0,0,9,11.8,11.8,10.3,0,106,0,2024,5793,603,429,1705
Raheem Blackshear,CAR,RB,25,16,1,0,0,0,0,0,15,80,5.33,0,0,0,0,0.0,0,2,0,0,0,0,8,8.0,8.0,8.0,0,108,0,2024,5278,433,405,1867
Jeff Wilson,MIA,RB,29,9,0,0,0,0,0,0,16,57,3.56,0,3,3,19,6.33,0,0,0,0,0,0,8,10.6,10.6,9.1,0,109,0,2024,5668,568,445,1785
Clyde Edwards-Helaire,NO,RB,25,2,0,0,0,0,0,0,13,46,3.54,0,5,3,24,8.0,0,0,0,0,0,0,7,10.0,10.0,8.5,0,111,0,2024,5669,482,442,1939
Eric Gray,NYG,RB,25,17,0,0,0,0,0,0,14,31,2.21,0,11,10,82,8.2,0,3,2,0,0,0,7,17.3,19.3,12.3,0,110,0,2024,5172,554,422,1774
Tyler Badie,DEN,RB,24,3,0,0,0,0,0,0,11,86,7.82,0,3,3,-2,-0.67,0,1,1,0,0,0,6,9.4,10.4,7.9,0,112,0,2024,5713,518,461,1908
Keaton Mitchell,BAL,RB,22,5,0,0,0,0,0,0,15,30,2.0,0,1,1,28,28.0,0,0,0,0,0,0,6,6.8,6.8,6.3,0,114,0,2024,7378,452,554,3189
Kene Nwangwu,NYJ,RB,26,2,0,0,0,0,0,0,0,0,0.0,0,0,0,0,0.0,0,0,0,1,0,0,6,6.0,6.0,6.0,0,113,0,2024,5556,454,362,1540
Mike Boone,CAR,RB,29,6,0,0,0,0,0,0,13,51,3.92,0,3,1,-2,-2.0,0,0,0,0,0,0,5,5.9,5.9,5.4,0,116,0,2024,5278,433,405,1867
Jonathon Brooks,CAR,RB,21,3,1,0,0,0,0,0,9,22,2.44,0,3,3,23,7.67,0,0,0,0,0,0,5,7.5,7.5,6.0,0,117,0,2024,5278,433,405,1867
Sione Vaki,DET,RB,23,16,0,0,0,0,0,0,6,14,2.33,0,3,3,37,12.33,0,0,0,0,0,0,5,8.1,8.1,6.6,0,115,0,2024,7188,517,533,2487
Jacob Kibodi,CLE,RB,26,1,0,0,0,0,0,0,5,24,4.8,0,3,1,15,15.0,0,0,0,0,0,0,4,4.9,4.9,4.4,0,119,0,2024,5487,579,391,1608
J.J. Taylor,HOU,RB,26,5,0,0,0,0,0,0,10,44,4.4,0,3,2,0,0.0,0,0,0,0,0,0,4,6.4,6.4,5.4,0,118,0,2024,5714,535,393,1762
Rasheen Ali,BAL,RB,23,6,0,0,0,0,0,0,10,31,3.1,0,2,0,0,0.0,0,0,0,0,0,0,3,3.1,3.1,3.1,0,124,0,2024,7378,452,554,3189
Dalvin Cook,DAL,RB,29,2,0,0,0,0,0,0,8,20,2.5,0,1,1,10,10.0,0,0,0,0,0,0,3,4.0,4.0,3.5,0,125,0,2024,5793,603,429,1705
Travis Homer,CHI,RB,26,10,0,0,0,0,0,0,6,23,3.83,0,3,3,11,3.67,0,0,0,0,0,0,3,6.4,6.4,4.9,0,120,0,2024,5259,524,421,1707
Jermar Jefferson,DET,RB,24,2,0,0,0,0,0,0,6,22,3.67,0,1,1,10,10.0,0,0,0,0,0,0,3,4.2,4.2,3.7,0,122,0,2024,7188,517,533,2487
Terrell Jennings,NE,RB,23,3,0,0,0,0,0,0,13,33,2.54,0,1,0,0,0.0,0,0,0,0,0,0,3,3.3,3.3,3.3,0,121,0,2024,5305,480,444,1962
Jase McClellan,ATL,RB,22,2,0,0,0,0,0,0,13,32,2.46,0,0,0,0,0.0,0,0,0,0,0,0,3,3.2,3.2,3.2,0,123,0,2024,6502,539,495,2219
MarShawn Lloyd,GB,RB,23,1,0,0,0,0,0,0,6,15,2.5,0,1,1,3,3.0,0,0,0,0,0,0,2,2.8,2.8,2.3,0,128,0,2024,6435,463,526,2496
Aaron Shampklin,PIT,RB,25,3,0,0,0,0,0,0,6,17,2.83,0,0,0,0,0.0,0,0,0,0,0,0,2,1.7,1.7,1.7,0,129,0,2024,5773,446,533,2166
Jonathan Ward,PIT,RB,27,4,0,0,0,0,0,0,5,22,4.4,0,0,0,0,0.0,0,0,0,0,0,0,2,2.2,2.2,2.2,0,127,0,2024,5773,446,533,2166
Blake Watson,DEN,RB,25,2,0,0,0,0,0,0,4,10,2.5,0,2,1,13,13.0,0,0,0,0,0,0,2,3.3,3.3,2.8,0,126,0,2024,5713,518,461,1908
Chris Collier,2TM,RB,24,8,0,0,0,0,0,0,5,12,2.4,0,2,1,-4,-4.0,0,0,0,0,0,0,1,1.8,1.8,1.3,0,133,0,2024,892,527,156,616
Tyrion Davis-Price,PHI,RB,24,1,0,0,0,0,0,0,3,7,2.33,0,0,0,0,0.0,0,0,0,0,0,0,1,0.7,0.7,0.7,0,134,0,2024,6565,414,621,3048
Myles Gaskin,MIN,RB,27,5,0,0,0,0,0,0,3,-1,-0.33,0,1,1,11,11.0,0,0,0,0,0,0,1,2.0,2.0,1.5,0,130,0,2024,5937,506,393,1558
George Holani,SEA,RB,25,5,0,0,0,0,0,0,3,10,3.33,0,1,1,-1,-1.0,0,0,0,0,0,0,1,1.9,1.9,1.4,0,131,0,2024,6003,564,381,1624
Cody Schrader,LAR,RB,25,1,0,0,0,0,0,0,1,3,3.0,0,1,1,6,6.0,0,0,0,0,0,0,1,1.9,1.9,1.4,0,132,0,2024,5861,541,450,1765
Khari Blasingame,2TM,RB,28,5,0,0,0,0,0,0,0,0,0.0,0,0,0,0,0.0,0,0,0,0,0,0,0,0.0,0.0,0.0,0,140,0,2024,892,527,156,616
Gary Brightwell,CLE,RB,25,2,0,0,0,0,0,0,0,0,0.0,0,0,0,0,0.0,0,0,0,0,0,0,0,0.0,0.0,0.0,0,141,0,2024,5487,579,391,1608
British Brooks,HOU,RB,25,5,0,0,0,0,0,0,1,2,2.0,0,0,0,0,0.0,0,0,0,0,0,0,0,0.2,0.2,0.2,0,138,0,2024,5714,535,393,1762
Darrynton Evans,CHI,RB,26,5,0,0,0,0,0,0,3,3,1.0,0,0,0,0,0.0,0,0,0,0,0,0,0,0.3,0.3,0.3,0,137,0,2024,5259,524,421,1707
Evan Hull,IND,RB,24,1,0,0,0,0,0,0,0,0,0.0,0,0,0,0,0.0,0,0,0,0,0,0,0,0.0,0.0,0.0,0,143,0,2024,5930,492,496,2331
Keaontay Ingram,KC,RB,25,1,0,0,0,0,0,0,0,0,0.0,0,0,0,0,0.0,0,0,0,0,0,0,0,0.0,0.0,0.0,0,144,0,2024,5835,511,449,1789
John Kelly,BAL,RB,28,2,0,0,0,0,0,0,0,0,0.0,0,0,0,0,0.0,0,0,0,0,0,0,0,0.0,0.0,0.0,0,146,0,2024,7378,452,554,3189
Joshua Kelley,TEN,RB,27,3,0,0,0,0,0,0,1,2,2.0,0,0,0,0,0.0,0,0,0,0,0,0,0,0.2,0.2,0.2,0,139,0,2024,5476,485,450,1855
Dante Miller,NYG,RB,25,2,0,0,0,0,0,0,0,0,0.0,0,0,0,0,0.0,0,0,0,0,0,0,0,0.0,0.0,0.0,0,147,0,2024,5172,554,422,1774
Kendall Milton,CIN,RB,22,2,0,0,0,0,0,0,0,0,0.0,0,0,0,0,0.0,0,0,0,0,0,0,0,0.0,0.0,0.0,0,148,0,2024,6378,618,352,1460
Jaret Patterson,LAC,RB,25,1,0,0,0,0,0,0,0,0,0.0,0,0,0,0,0.0,0,0,0,0,0,0,0,0.0,0.0,0.0,0,149,0,2024,5780,486,462,1882
Keilan Robinson,JAX,RB,24,6,0,0,0,0,0,0,0,0,0.0,0,0,0,0,0.0,0,0,0,0,0,0,0,0.0,0.0,0.0,0,151,0,2024,5446,517,414,1729
Ke'Shawn Vaughn,SF,RB,27,3,0,0,0,0,0,0,2,4,2.0,0,0,0,0,0.0,0,0,0,0,0,0,0,0.4,0.4,0.4,0,136,0,2024,6587,513,457,2163
Carlos Washington,ATL,RB,26,1,0,0,0,0,0,0,0,0,0.0,0,0,0,0,0.0,0,0,0,0,0,0,0,0.0,0.0,0.0,0,152,0,2024,6502,539,495,2219
Avery Williams,ATL,RB,26,17,0,0,0,0,0,0,0,0,0.0,0,0,0,0,0.0,0,0,0,0,0,0,0,0.0,0.0,0.0,0,153,0,2024,6502,539,495,2219
D.J. Williams,TB,RB,24,1,0,0,0,0,0,0,0,0,0.0,0,0,0,0,0.0,0,0,0,0,0,0,0,0.0,0.0,0.0,0,154,0,2024,7043,563,482,2538
Trayveon Williams,CIN,RB,27,17,0,0,0,0,0,0,0,0,0.0,0,0,0,0,0.0,0,0,0,0,0,0,0,0.0,0.0,0.0,0,155,0,2024,6378,618,352,1460
Dylan Laube,LV,RB,25,10,0,0,0,0,0,0,1,0,0.0,0,0,0,0,0.0,0,1,1,0,0,0,-2,-2.0,-1.0,-2.0,0,156,0,2024,5428,562,375,1345
